buscoID	query_chr	position	assigned_chr
0at6231	dirofilaria_immitis_chrX	7793657.0	D
6at6231	dirofilaria_immitis_chrX	23256967.5	E
7at6231	dirofilaria_immitis_chr1	12193725.5	C
9at6231	dirofilaria_immitis_chr1	7308881.0	C
18at6231	dirofilaria_immitis_chr2	13003278.5	A
19at6231	dirofilaria_immitis_chrX	15210430.0	E
20at6231	dirofilaria_immitis_chr3	7099309.0	B
22at6231	dirofilaria_immitis_chr2	2143902.0	A
23at6231	dirofilaria_immitis_chr1	4154552.0	C
25at6231	dirofilaria_immitis_chrX	6166290.0	X
28at6231	dirofilaria_immitis_chr1	6938230.5	C
29at6231	dirofilaria_immitis_chrX	12414745.0	D
31at6231	dirofilaria_immitis_chrX	19296128.5	E
32at6231	dirofilaria_immitis_chr4	4627103.5	N
35at6231	dirofilaria_immitis_chrX	19787314.0	E
39at6231	dirofilaria_immitis_chr4	66850.0	N
40at6231	dirofilaria_immitis_chrX	19174805.0	E
43at6231	dirofilaria_immitis_chr2	10995415.0	A
48at6231	dirofilaria_immitis_chr2	8146638.0	A
55at6231	dirofilaria_immitis_chr1	7693015.5	C
57at6231	dirofilaria_immitis_chr2	9286761.5	A
60at6231	dirofilaria_immitis_chrX	2058915.0	D
63at6231	dirofilaria_immitis_chrX	8205806.0	D
65at6231	dirofilaria_immitis_chr3	9744937.5	B
67at6231	dirofilaria_immitis_chrX	11212795.0	X
68at6231	dirofilaria_immitis_chr2	5700967.5	A
72at6231	dirofilaria_immitis_chr1	15156626.5	C
74at6231	dirofilaria_immitis_chr2	4609275.0	A
76at6231	dirofilaria_immitis_chr2	9586083.5	A
91at6231	dirofilaria_immitis_chrX	7522107.5	D
96at6231	dirofilaria_immitis_chrX	9493828.0	D
100at6231	dirofilaria_immitis_chr3	4166584.0	B
101at6231	dirofilaria_immitis_chr4	10966896.5	N
107at6231	dirofilaria_immitis_chr3	13802590.0	B
112at6231	dirofilaria_immitis_chr4	9644872.0	N
117at6231	dirofilaria_immitis_chr2	6569793.5	A
121at6231	dirofilaria_immitis_chr2	4693076.0	A
125at6231	dirofilaria_immitis_chrX	17257240.5	E
127at6231	dirofilaria_immitis_chr4	4490203.0	N
131at6231	dirofilaria_immitis_chr3	6326087.0	B
132at6231	dirofilaria_immitis_chr1	9112625.0	C
137at6231	dirofilaria_immitis_chr1	2885921.0	C
139at6231	dirofilaria_immitis_chrX	768248.0	X
144at6231	dirofilaria_immitis_chr4	2679557.0	N
146at6231	dirofilaria_immitis_chr3	5674946.5	B
147at6231	dirofilaria_immitis_chr4	661250.0	N
149at6231	dirofilaria_immitis_chr3	12612044.0	B
151at6231	dirofilaria_immitis_chr1	13683035.0	C
152at6231	dirofilaria_immitis_chr3	6133521.0	B
161at6231	dirofilaria_immitis_chr3	12659316.0	B
165at6231	dirofilaria_immitis_chrX	11241492.0	X
166at6231	dirofilaria_immitis_chr1	968852.0	C
170at6231	dirofilaria_immitis_chrX	8785311.5	D
172at6231	dirofilaria_immitis_chr4	2596281.0	D
175at6231	dirofilaria_immitis_chr2	8587751.0	A
181at6231	dirofilaria_immitis_chr3	4702173.0	B
183at6231	dirofilaria_immitis_chr1	6210122.5	C
184at6231	dirofilaria_immitis_chr2	10737663.0	B
185at6231	dirofilaria_immitis_chr1	2110877.0	C
189at6231	dirofilaria_immitis_chr4	812903.5	N
190at6231	dirofilaria_immitis_chr3	659193.0	B
194at6231	dirofilaria_immitis_chrX	13484439.0	D
196at6231	dirofilaria_immitis_chr1	4869188.0	C
197at6231	dirofilaria_immitis_chr3	1127222.5	B
198at6231	dirofilaria_immitis_chr4	13341747.5	N
199at6231	dirofilaria_immitis_chr1	14219566.5	C
201at6231	dirofilaria_immitis_chr3	7940275.0	B
210at6231	dirofilaria_immitis_chr1	11881095.5	C
216at6231	dirofilaria_immitis_chr2	12331125.5	A
217at6231	dirofilaria_immitis_chrX	20868131.0	E
219at6231	dirofilaria_immitis_chr3	4902710.0	B
232at6231	dirofilaria_immitis_chr4	8875552.0	N
238at6231	dirofilaria_immitis_chr2	2899669.0	A
241at6231	dirofilaria_immitis_chr2	6815248.0	A
243at6231	dirofilaria_immitis_chrX	9369092.0	D
252at6231	dirofilaria_immitis_chrX	7448722.5	X
265at6231	dirofilaria_immitis_chr1	374443.5	C
267at6231	dirofilaria_immitis_chr1	11595542.0	C
270at6231	dirofilaria_immitis_chrX	27522326.0	E
279at6231	dirofilaria_immitis_chr1	11946637.0	C
286at6231	dirofilaria_immitis_chrX	13816108.0	E
287at6231	dirofilaria_immitis_chrX	25969357.0	E
288at6231	dirofilaria_immitis_chr2	13337891.0	A
293at6231	dirofilaria_immitis_chr1	12288449.0	C
294at6231	dirofilaria_immitis_chr4	4444012.5	A
299at6231	dirofilaria_immitis_chr1	835356.0	C
300at6231	dirofilaria_immitis_chr1	10573789.5	C
302at6231	dirofilaria_immitis_chr3	15106628.5	B
311at6231	dirofilaria_immitis_chr4	8970231.0	N
318at6231	dirofilaria_immitis_chr2	4931025.0	A
319at6231	dirofilaria_immitis_chr3	8135708.0	B
322at6231	dirofilaria_immitis_chr4	138948.5	N
323at6231	dirofilaria_immitis_chrX	6719889.0	D
327at6231	dirofilaria_immitis_chr2	12570723.0	A
333at6231	dirofilaria_immitis_chr2	7359845.0	A
334at6231	dirofilaria_immitis_chr1	7196602.0	C
344at6231	dirofilaria_immitis_chrX	4589201.0	D
345at6231	dirofilaria_immitis_chr1	6181461.0	C
346at6231	dirofilaria_immitis_chr2	9440917.0	A
350at6231	dirofilaria_immitis_chrX	12826722.5	D
359at6231	dirofilaria_immitis_chr2	2318386.5	A
364at6231	dirofilaria_immitis_chrX	3262812.0	D
366at6231	dirofilaria_immitis_chr2	3857412.0	A
369at6231	dirofilaria_immitis_chrX	8772132.0	D
373at6231	dirofilaria_immitis_chr1	9762249.5	C
375at6231	dirofilaria_immitis_chr4	9067412.0	N
382at6231	dirofilaria_immitis_chr2	10721876.5	B
384at6231	dirofilaria_immitis_chr3	10346473.0	B
390at6231	dirofilaria_immitis_chr3	336969.0	B
394at6231	dirofilaria_immitis_chr4	7224721.0	N
401at6231	dirofilaria_immitis_chrX	20944301.0	E
402at6231	dirofilaria_immitis_chr4	1138681.5	N
405at6231	dirofilaria_immitis_chr3	11988784.0	B
411at6231	dirofilaria_immitis_chr2	8055132.0	A
416at6231	dirofilaria_immitis_chrX	13060341.0	E
420at6231	dirofilaria_immitis_chrX	17075157.0	E
421at6231	dirofilaria_immitis_chrX	8731934.0	X
422at6231	dirofilaria_immitis_chr2	11993074.5	A
425at6231	dirofilaria_immitis_chrX	6131803.5	D
428at6231	dirofilaria_immitis_chr1	5001385.0	C
430at6231	dirofilaria_immitis_chr2	12689043.0	A
432at6231	dirofilaria_immitis_chrX	5156725.0	X
433at6231	dirofilaria_immitis_chr1	8038289.0	C
435at6231	dirofilaria_immitis_chr1	14657298.5	C
438at6231	dirofilaria_immitis_chr4	5718399.0	N
439at6231	dirofilaria_immitis_chr4	13481528.5	N
442at6231	dirofilaria_immitis_chrX	9277446.0	X
446at6231	dirofilaria_immitis_chr3	9087107.5	B
450at6231	dirofilaria_immitis_chr3	6515470.0	B
451at6231	dirofilaria_immitis_chr1	11409742.0	C
452at6231	dirofilaria_immitis_chrX	5693524.5	D
454at6231	dirofilaria_immitis_chrX	18831045.5	E
455at6231	dirofilaria_immitis_chrX	20521531.5	E
458at6231	dirofilaria_immitis_chrX	20159607.5	E
461at6231	dirofilaria_immitis_chr1	14539190.0	C
462at6231	dirofilaria_immitis_chr2	12715364.0	A
473at6231	dirofilaria_immitis_chrX	17641193.0	E
484at6231	dirofilaria_immitis_chr2	5557583.0	A
487at6231	dirofilaria_immitis_chrX	27642833.0	E
488at6231	dirofilaria_immitis_chr2	12106125.0	A
489at6231	dirofilaria_immitis_chr2	6858917.0	A
490at6231	dirofilaria_immitis_chrX	17572533.5	E
493at6231	dirofilaria_immitis_chrX	9077571.0	X
494at6231	dirofilaria_immitis_chr3	9096310.0	B
495at6231	dirofilaria_immitis_chrX	6907230.0	D
498at6231	dirofilaria_immitis_chrX	18230327.5	E
503at6231	dirofilaria_immitis_chr2	12026856.0	A
509at6231	dirofilaria_immitis_chr2	14715975.0	A
514at6231	dirofilaria_immitis_chrX	10546623.5	D
516at6231	dirofilaria_immitis_chr4	6040532.5	N
518at6231	dirofilaria_immitis_chr1	7474655.5	C
522at6231	dirofilaria_immitis_chr2	9020251.5	A
523at6231	dirofilaria_immitis_chr2	4023760.5	A
525at6231	dirofilaria_immitis_chr3	14725644.5	B
527at6231	dirofilaria_immitis_chr1	14489107.5	C
529at6231	dirofilaria_immitis_chr1	13998926.0	C
531at6231	dirofilaria_immitis_chr2	14208651.0	A
532at6231	dirofilaria_immitis_chr2	14545704.0	A
534at6231	dirofilaria_immitis_chr3	6766847.0	B
536at6231	dirofilaria_immitis_chr3	7515264.0	B
537at6231	dirofilaria_immitis_chr3	6420914.0	B
538at6231	dirofilaria_immitis_chr1	4652356.0	C
547at6231	dirofilaria_immitis_chrX	25511176.5	E
548at6231	dirofilaria_immitis_chr2	9749063.5	A
551at6231	dirofilaria_immitis_chr3	8740003.5	B
562at6231	dirofilaria_immitis_chr2	3614897.5	A
568at6231	dirofilaria_immitis_chrX	8707260.0	X
572at6231	dirofilaria_immitis_chr3	3584737.0	B
575at6231	dirofilaria_immitis_chr4	12538659.0	N
581at6231	dirofilaria_immitis_chr2	9089132.5	A
585at6231	dirofilaria_immitis_chr3	13589209.5	B
590at6231	dirofilaria_immitis_chr2	11874690.0	A
593at6231	dirofilaria_immitis_chr3	10953421.0	B
597at6231	dirofilaria_immitis_chr1	7891222.0	C
600at6231	dirofilaria_immitis_chrX	225990.0	X
604at6231	dirofilaria_immitis_chr3	13071167.0	B
606at6231	dirofilaria_immitis_chrX	22079457.0	E
609at6231	dirofilaria_immitis_chr3	5093213.0	B
612at6231	dirofilaria_immitis_chr4	159819.0	D
613at6231	dirofilaria_immitis_chr2	6353126.5	A
620at6231	dirofilaria_immitis_chr1	4377592.0	C
625at6231	dirofilaria_immitis_chrX	11090362.0	X
627at6231	dirofilaria_immitis_chr3	1164135.0	B
629at6231	dirofilaria_immitis_chr1	2000983.5	C
631at6231	dirofilaria_immitis_chr2	9164238.5	A
632at6231	dirofilaria_immitis_chr1	6528061.0	C
635at6231	dirofilaria_immitis_chrX	11312461.0	D
638at6231	dirofilaria_immitis_chrX	7741012.0	D
639at6231	dirofilaria_immitis_chr1	9893333.0	C
641at6231	dirofilaria_immitis_chrX	8176458.0	D
642at6231	dirofilaria_immitis_chrX	22281275.5	E
644at6231	dirofilaria_immitis_chr2	5004931.0	A
645at6231	dirofilaria_immitis_chr3	1933220.0	B
646at6231	dirofilaria_immitis_chr2	4296059.0	A
650at6231	dirofilaria_immitis_chr3	6928336.5	B
651at6231	dirofilaria_immitis_chr4	261050.5	N
655at6231	dirofilaria_immitis_chr3	7456537.0	B
657at6231	dirofilaria_immitis_chr3	5020177.5	B
675at6231	dirofilaria_immitis_chr2	9715543.5	A
683at6231	dirofilaria_immitis_chrX	21608389.5	E
700at6231	dirofilaria_immitis_chr1	3080066.5	C
701at6231	dirofilaria_immitis_chrX	18788474.0	E
702at6231	dirofilaria_immitis_chr3	11847545.0	B
704at6231	dirofilaria_immitis_chr4	5214425.5	N
708at6231	dirofilaria_immitis_chrX	16961235.0	E
710at6231	dirofilaria_immitis_chr3	12409457.0	B
714at6231	dirofilaria_immitis_chrX	17387866.0	E
716at6231	dirofilaria_immitis_chr1	14034522.5	C
718at6231	dirofilaria_immitis_chr4	7262954.0	N
721at6231	dirofilaria_immitis_chr2	11569985.5	A
722at6231	dirofilaria_immitis_chr1	9544596.0	C
724at6231	dirofilaria_immitis_chr1	11736435.5	C
726at6231	dirofilaria_immitis_chr1	7949110.5	C
728at6231	dirofilaria_immitis_chrX	12774118.0	D
734at6231	dirofilaria_immitis_chr1	9815539.0	C
735at6231	dirofilaria_immitis_chr4	7200052.0	N
736at6231	dirofilaria_immitis_chr3	11865131.0	B
737at6231	dirofilaria_immitis_chr1	5240265.0	C
743at6231	dirofilaria_immitis_chrX	15505833.0	E
746at6231	dirofilaria_immitis_chr3	7241006.5	B
747at6231	dirofilaria_immitis_chr1	4755253.0	C
753at6231	dirofilaria_immitis_chr3	2495140.0	B
754at6231	dirofilaria_immitis_chr3	6001409.5	B
755at6231	dirofilaria_immitis_chrX	6838830.0	X
759at6231	dirofilaria_immitis_chrX	10969775.0	D
762at6231	dirofilaria_immitis_chrX	12881537.0	X
765at6231	dirofilaria_immitis_chr3	4024495.5	B
772at6231	dirofilaria_immitis_chr3	6713578.5	B
774at6231	dirofilaria_immitis_chr3	3114048.0	B
780at6231	dirofilaria_immitis_chr3	14736475.5	B
781at6231	dirofilaria_immitis_chrX	8952932.0	X
782at6231	dirofilaria_immitis_chr1	9924208.0	C
785at6231	dirofilaria_immitis_chr1	541914.0	C
786at6231	dirofilaria_immitis_chrX	2021560.0	D
787at6231	dirofilaria_immitis_chrX	20398819.5	E
788at6231	dirofilaria_immitis_chrX	11891706.5	X
794at6231	dirofilaria_immitis_chr3	2451484.0	B
798at6231	dirofilaria_immitis_chr2	11816413.0	A
800at6231	dirofilaria_immitis_chr3	3590941.0	B
801at6231	dirofilaria_immitis_chr4	8325321.0	N
802at6231	dirofilaria_immitis_chr4	2299921.0	N
803at6231	dirofilaria_immitis_chr1	13954427.5	C
810at6231	dirofilaria_immitis_chr3	8521019.0	B
813at6231	dirofilaria_immitis_chr3	8248830.5	B
814at6231	dirofilaria_immitis_chr4	6280378.0	N
815at6231	dirofilaria_immitis_chr1	2147223.0	C
816at6231	dirofilaria_immitis_chr4	777236.0	N
821at6231	dirofilaria_immitis_chr1	3758164.0	C
825at6231	dirofilaria_immitis_chr3	2209512.0	B
826at6231	dirofilaria_immitis_chr1	10664611.5	C
829at6231	dirofilaria_immitis_chr1	11055757.0	C
831at6231	dirofilaria_immitis_chr1	10157056.5	C
837at6231	dirofilaria_immitis_chrX	8941710.0	X
838at6231	dirofilaria_immitis_chr1	7966438.5	C
842at6231	dirofilaria_immitis_chr1	11563702.5	C
844at6231	dirofilaria_immitis_chrX	11934865.5	D
845at6231	dirofilaria_immitis_chrX	23406350.0	E
849at6231	dirofilaria_immitis_chr2	3812654.0	A
850at6231	dirofilaria_immitis_chrX	22503597.5	E
853at6231	dirofilaria_immitis_chr2	3639591.0	A
857at6231	dirofilaria_immitis_chrX	26300828.0	E
860at6231	dirofilaria_immitis_chr1	13420287.0	C
862at6231	dirofilaria_immitis_chr3	11692174.0	B
869at6231	dirofilaria_immitis_chr1	5178760.0	C
875at6231	dirofilaria_immitis_chrX	10874992.5	D
876at6231	dirofilaria_immitis_chr4	8647766.5	N
879at6231	dirofilaria_immitis_chr4	13525756.0	N
881at6231	dirofilaria_immitis_chr2	13025761.5	A
885at6231	dirofilaria_immitis_chrX	17885351.0	E
890at6231	dirofilaria_immitis_chrX	18256319.5	E
899at6231	dirofilaria_immitis_chr2	1965920.0	A
902at6231	dirofilaria_immitis_chrX	19855506.0	E
904at6231	dirofilaria_immitis_chrX	10999299.5	X
912at6231	dirofilaria_immitis_chrX	22414269.0	E
914at6231	dirofilaria_immitis_chr3	1624925.0	B
916at6231	dirofilaria_immitis_chr3	6915260.0	B
917at6231	dirofilaria_immitis_chrX	14589164.0	E
918at6231	dirofilaria_immitis_chr2	14726220.0	A
920at6231	dirofilaria_immitis_chr3	4033397.0	B
921at6231	dirofilaria_immitis_chrX	2137394.0	D
922at6231	dirofilaria_immitis_chrX	9245428.0	D
925at6231	dirofilaria_immitis_chr1	11043750.5	C
933at6231	dirofilaria_immitis_chr4	4762097.5	N
939at6231	dirofilaria_immitis_chr3	7850928.0	B
952at6231	dirofilaria_immitis_chr4	5180177.0	N
957at6231	dirofilaria_immitis_chr3	12573339.0	B
961at6231	dirofilaria_immitis_chr4	11415350.5	N
963at6231	dirofilaria_immitis_chr1	5750388.5	C
968at6231	dirofilaria_immitis_chr3	4928238.5	B
969at6231	dirofilaria_immitis_chr4	11312169.5	A
975at6231	dirofilaria_immitis_chr3	5071962.0	B
984at6231	dirofilaria_immitis_chr4	8180023.0	N
987at6231	dirofilaria_immitis_chr1	14098243.0	C
989at6231	dirofilaria_immitis_chr3	14837589.0	B
990at6231	dirofilaria_immitis_chr2	14968772.0	A
993at6231	dirofilaria_immitis_chrX	27371904.0	E
994at6231	dirofilaria_immitis_chrX	12036507.0	X
995at6231	dirofilaria_immitis_chrX	21262624.0	E
997at6231	dirofilaria_immitis_chr3	2173157.0	B
998at6231	dirofilaria_immitis_chrX	9257033.5	X
1003at6231	dirofilaria_immitis_chr3	1573724.5	B
1013at6231	dirofilaria_immitis_chr4	9372923.0	N
1014at6231	dirofilaria_immitis_chrX	19918033.5	E
1016at6231	dirofilaria_immitis_chr3	4993541.0	B
1017at6231	dirofilaria_immitis_chr1	8206366.0	C
1018at6231	dirofilaria_immitis_chr1	13543443.5	C
1019at6231	dirofilaria_immitis_chrX	8112284.5	D
1024at6231	dirofilaria_immitis_chr3	6675243.5	B
1032at6231	dirofilaria_immitis_chr1	9063049.5	C
1033at6231	dirofilaria_immitis_chr2	11456569.0	A
1034at6231	dirofilaria_immitis_chr1	9151013.0	C
1035at6231	dirofilaria_immitis_chr3	413772.5	B
1037at6231	dirofilaria_immitis_chrX	24007243.0	D
1040at6231	dirofilaria_immitis_chr3	12824034.0	B
1047at6231	dirofilaria_immitis_chr1	522723.0	C
1053at6231	dirofilaria_immitis_chr2	5990225.5	A
1055at6231	dirofilaria_immitis_chr1	6536632.5	C
1056at6231	dirofilaria_immitis_chr2	13195002.5	A
1057at6231	dirofilaria_immitis_chrX	3700601.0	D
1067at6231	dirofilaria_immitis_chr2	9820646.5	A
1073at6231	dirofilaria_immitis_chr3	11961617.0	B
1082at6231	dirofilaria_immitis_chr3	6067941.5	B
1083at6231	dirofilaria_immitis_chrX	25912690.5	E
1086at6231	dirofilaria_immitis_chr3	8264892.5	D
1088at6231	dirofilaria_immitis_chr3	7075942.5	B
1101at6231	dirofilaria_immitis_chr2	8727400.5	A
1104at6231	dirofilaria_immitis_chr3	2124007.5	B
1105at6231	dirofilaria_immitis_chr1	7815805.0	C
1112at6231	dirofilaria_immitis_chrX	18921659.5	E
1113at6231	dirofilaria_immitis_chr2	14873501.0	A
1115at6231	dirofilaria_immitis_chr1	13604908.5	C
1118at6231	dirofilaria_immitis_chr1	9757024.0	C
1123at6231	dirofilaria_immitis_chr4	560611.0	N
1125at6231	dirofilaria_immitis_chrX	22093933.0	E
1128at6231	dirofilaria_immitis_chrX	20901202.0	E
1129at6231	dirofilaria_immitis_chrX	8251049.5	D
1131at6231	dirofilaria_immitis_chr1	7029507.0	C
1133at6231	dirofilaria_immitis_chr4	308974.5	N
1134at6231	dirofilaria_immitis_chr2	14306908.5	A
1135at6231	dirofilaria_immitis_chrX	19587988.0	E
1138at6231	dirofilaria_immitis_chr2	10598368.0	A
1142at6231	dirofilaria_immitis_chr2	12984069.5	A
1144at6231	dirofilaria_immitis_chr1	4083387.0	C
1147at6231	dirofilaria_immitis_chr2	13970191.0	A
1148at6231	dirofilaria_immitis_chr1	7774447.0	C
1150at6231	dirofilaria_immitis_chr2	7488628.0	A
1152at6231	dirofilaria_immitis_chr1	11756741.5	C
1153at6231	dirofilaria_immitis_chrX	25931032.0	E
1155at6231	dirofilaria_immitis_chr2	12081548.5	A
1158at6231	dirofilaria_immitis_chr3	7303987.0	B
1159at6231	dirofilaria_immitis_chr1	11518235.0	C
1160at6231	dirofilaria_immitis_chr2	1341537.5	A
1169at6231	dirofilaria_immitis_chr1	14860719.0	C
1173at6231	dirofilaria_immitis_chr3	14060824.0	B
1174at6231	dirofilaria_immitis_chr2	8004743.0	A
1175at6231	dirofilaria_immitis_chr4	7545210.0	N
1177at6231	dirofilaria_immitis_chr1	10916772.0	C
1179at6231	dirofilaria_immitis_chr2	13854857.0	A
1182at6231	dirofilaria_immitis_chr4	3279031.5	N
1193at6231	dirofilaria_immitis_chr1	14918887.0	C
1196at6231	dirofilaria_immitis_chr2	8286485.0	A
1200at6231	dirofilaria_immitis_chr3	4640173.0	B
1202at6231	dirofilaria_immitis_chr1	297946.0	C
1205at6231	dirofilaria_immitis_chrX	4890011.0	D
1211at6231	dirofilaria_immitis_chr2	14366849.5	A
1212at6231	dirofilaria_immitis_chr1	1068422.5	C
1215at6231	dirofilaria_immitis_chrX	19232221.0	E
1222at6231	dirofilaria_immitis_chrX	12934437.5	X
1228at6231	dirofilaria_immitis_chrX	26713147.0	E
1233at6231	dirofilaria_immitis_chr4	1002028.0	N
1247at6231	dirofilaria_immitis_chr3	10378154.5	B
1252at6231	dirofilaria_immitis_chr2	824285.5	A
1255at6231	dirofilaria_immitis_chr1	7635127.0	C
1263at6231	dirofilaria_immitis_chr2	13476150.5	A
1264at6231	dirofilaria_immitis_chrX	5783875.5	D
1266at6231	dirofilaria_immitis_chr4	6844227.5	D
1270at6231	dirofilaria_immitis_chrX	24062219.5	A
1273at6231	dirofilaria_immitis_chrX	18281567.0	E
1275at6231	dirofilaria_immitis_chr2	6281297.0	A
1278at6231	dirofilaria_immitis_chr3	4250649.5	B
1279at6231	dirofilaria_immitis_chrX	12181381.0	X
1281at6231	dirofilaria_immitis_chr4	11858229.5	N
1285at6231	dirofilaria_immitis_chrX	4005123.0	X
1288at6231	dirofilaria_immitis_chr2	7227349.0	A
1293at6231	dirofilaria_immitis_chr2	4345774.0	A
1301at6231	dirofilaria_immitis_chr2	8512226.0	A
1313at6231	dirofilaria_immitis_chrX	15675647.5	E
1314at6231	dirofilaria_immitis_chr3	6370726.0	B
1316at6231	dirofilaria_immitis_chr1	8524380.5	C
1317at6231	dirofilaria_immitis_chrX	20972985.5	E
1320at6231	dirofilaria_immitis_chrX	20131458.0	E
1322at6231	dirofilaria_immitis_chr2	10876608.0	A
1327at6231	dirofilaria_immitis_chr1	7789248.0	C
1328at6231	dirofilaria_immitis_chr1	2039418.0	C
1329at6231	dirofilaria_immitis_chr2	10884586.0	A
1332at6231	dirofilaria_immitis_chrX	22022106.0	E
1344at6231	dirofilaria_immitis_chr3	8331251.5	B
1346at6231	dirofilaria_immitis_chrX	13998137.0	E
1349at6231	dirofilaria_immitis_chr4	13883909.0	N
1350at6231	dirofilaria_immitis_chr3	13696336.5	B
1352at6231	dirofilaria_immitis_chr1	6474564.0	C
1358at6231	dirofilaria_immitis_chr3	6150466.0	B
1360at6231	dirofilaria_immitis_chr3	4787004.0	B
1361at6231	dirofilaria_immitis_chr2	10406145.5	A
1362at6231	dirofilaria_immitis_chrX	24364145.5	E
1366at6231	dirofilaria_immitis_chrX	6229157.0	D
1373at6231	dirofilaria_immitis_chr2	397627.5	A
1374at6231	dirofilaria_immitis_chr3	10084660.5	B
1375at6231	dirofilaria_immitis_chr2	10208641.0	A
1376at6231	dirofilaria_immitis_chrX	22191094.0	E
1377at6231	dirofilaria_immitis_chr3	7032703.0	B
1378at6231	dirofilaria_immitis_chr1	200078.0	C
1381at6231	dirofilaria_immitis_chr2	3048778.5	A
1383at6231	dirofilaria_immitis_chr2	7781723.0	A
1389at6231	dirofilaria_immitis_chr2	6187601.5	A
1395at6231	dirofilaria_immitis_chr3	9905834.0	B
1400at6231	dirofilaria_immitis_chrX	19322233.0	E
1404at6231	dirofilaria_immitis_chrX	8136376.0	D
1405at6231	dirofilaria_immitis_chr2	5922887.0	A
1407at6231	dirofilaria_immitis_chr4	3579862.0	N
1409at6231	dirofilaria_immitis_chrX	1975134.0	D
1411at6231	dirofilaria_immitis_chrX	5718844.5	D
1413at6231	dirofilaria_immitis_chr2	7600062.0	A
1416at6231	dirofilaria_immitis_chrX	25387292.5	E
1427at6231	dirofilaria_immitis_chr2	1870842.5	A
1430at6231	dirofilaria_immitis_chr1	8959745.0	X
1432at6231	dirofilaria_immitis_chr4	1619480.0	N
1434at6231	dirofilaria_immitis_chr1	2580536.5	C
1437at6231	dirofilaria_immitis_chr2	7560126.0	A
1438at6231	dirofilaria_immitis_chr2	4662191.0	A
1441at6231	dirofilaria_immitis_chr1	10997198.0	C
1444at6231	dirofilaria_immitis_chr3	2879645.5	B
1449at6231	dirofilaria_immitis_chr1	13484953.5	C
1452at6231	dirofilaria_immitis_chr2	3729649.5	A
1453at6231	dirofilaria_immitis_chr2	11604690.0	A
1459at6231	dirofilaria_immitis_chrX	21849064.0	E
1463at6231	dirofilaria_immitis_chrX	22038393.0	E
1466at6231	dirofilaria_immitis_chr2	9742536.0	A
1471at6231	dirofilaria_immitis_chrX	25676935.5	E
1473at6231	dirofilaria_immitis_chr4	3936644.5	A
1478at6231	dirofilaria_immitis_chrX	20119892.0	E
1484at6231	dirofilaria_immitis_chr2	7786016.0	A
1490at6231	dirofilaria_immitis_chrX	5099270.0	X
1491at6231	dirofilaria_immitis_chrX	7986393.5	D
1495at6231	dirofilaria_immitis_chr4	7079450.5	N
1498at6231	dirofilaria_immitis_chrX	11450064.5	D
1499at6231	dirofilaria_immitis_chr2	9418055.0	A
1501at6231	dirofilaria_immitis_chr4	10362882.5	N
1506at6231	dirofilaria_immitis_chr3	2228096.0	B
1509at6231	dirofilaria_immitis_chr1	77706.0	C
1517at6231	dirofilaria_immitis_chrX	1303964.0	X
1518at6231	dirofilaria_immitis_chr2	745286.0	A
1519at6231	dirofilaria_immitis_chr4	7113983.0	N
1533at6231	dirofilaria_immitis_chrX	7370095.5	D
1535at6231	dirofilaria_immitis_chrX	22089917.0	E
1537at6231	dirofilaria_immitis_chr1	9964031.0	C
1541at6231	dirofilaria_immitis_chrX	11673959.5	X
1543at6231	dirofilaria_immitis_chr3	12074475.0	B
1548at6231	dirofilaria_immitis_chr1	13654911.5	C
1551at6231	dirofilaria_immitis_chr1	5645712.0	C
1552at6231	dirofilaria_immitis_chr2	310608.0	A
1556at6231	dirofilaria_immitis_chr2	12875998.0	A
1561at6231	dirofilaria_immitis_chr4	8863382.0	N
1566at6231	dirofilaria_immitis_chr4	5952250.0	N
1571at6231	dirofilaria_immitis_chr3	11816709.5	B
1572at6231	dirofilaria_immitis_chr1	628944.5	C
1574at6231	dirofilaria_immitis_chr4	5565208.0	N
1576at6231	dirofilaria_immitis_chr4	12269952.0	N
1587at6231	dirofilaria_immitis_chrX	3389942.5	X
1588at6231	dirofilaria_immitis_chrX	26430734.0	E
1590at6231	dirofilaria_immitis_chr3	7680988.0	B
1594at6231	dirofilaria_immitis_chr2	709812.5	A
1596at6231	dirofilaria_immitis_chr2	387032.5	A
1598at6231	dirofilaria_immitis_chr4	5374418.5	N
1601at6231	dirofilaria_immitis_chrX	3935833.0	D
1604at6231	dirofilaria_immitis_chrX	21400046.0	E
1606at6231	dirofilaria_immitis_chr2	12861917.0	A
1608at6231	dirofilaria_immitis_chr3	12046865.0	B
1611at6231	dirofilaria_immitis_chr4	6540689.0	N
1613at6231	dirofilaria_immitis_chr3	1077539.0	B
1616at6231	dirofilaria_immitis_chr4	11810331.0	N
1617at6231	dirofilaria_immitis_chr3	2722153.5	B
1635at6231	dirofilaria_immitis_chr1	6929856.0	C
1636at6231	dirofilaria_immitis_chrX	4471034.5	X
1637at6231	dirofilaria_immitis_chr3	3466803.0	B
1638at6231	dirofilaria_immitis_chrX	8274847.0	D
1639at6231	dirofilaria_immitis_chrX	3012544.0	D
1641at6231	dirofilaria_immitis_chr3	13439526.0	B
1642at6231	dirofilaria_immitis_chrX	2713470.0	D
1643at6231	dirofilaria_immitis_chr1	13845102.0	C
1645at6231	dirofilaria_immitis_chr2	13239451.5	A
1647at6231	dirofilaria_immitis_chr3	4450595.0	B
1653at6231	dirofilaria_immitis_chr2	11861312.0	A
1656at6231	dirofilaria_immitis_chr1	3885131.0	C
1663at6231	dirofilaria_immitis_chrX	13242059.5	E
1666at6231	dirofilaria_immitis_chr1	11074313.5	C
1669at6231	dirofilaria_immitis_chrX	19408923.0	E
1670at6231	dirofilaria_immitis_chrX	21909850.5	E
1671at6231	dirofilaria_immitis_chrX	25563455.0	E
1673at6231	dirofilaria_immitis_chr2	15094384.5	A
1682at6231	dirofilaria_immitis_chr2	9846997.5	A
1683at6231	dirofilaria_immitis_chr1	7832252.5	C
1686at6231	dirofilaria_immitis_chrX	17660166.5	E
1687at6231	dirofilaria_immitis_chrX	5352409.5	D
1691at6231	dirofilaria_immitis_chrX	23067287.5	E
1698at6231	dirofilaria_immitis_chr3	8450216.0	B
1699at6231	dirofilaria_immitis_chr1	12234338.0	C
1702at6231	dirofilaria_immitis_chr2	12562979.0	A
1704at6231	dirofilaria_immitis_chr3	7377871.0	B
1706at6231	dirofilaria_immitis_chr3	4805626.0	B
1712at6231	dirofilaria_immitis_chr3	14259460.5	B
1713at6231	dirofilaria_immitis_chr1	1660974.0	C
1724at6231	dirofilaria_immitis_chr1	2135147.0	C
1743at6231	dirofilaria_immitis_chr4	1192768.0	N
1750at6231	dirofilaria_immitis_chrX	19646810.0	D
1754at6231	dirofilaria_immitis_chr2	332023.0	A
1757at6231	dirofilaria_immitis_chr2	1030459.0	A
1759at6231	dirofilaria_immitis_chr3	1426664.5	B
1760at6231	dirofilaria_immitis_chrX	21495380.0	E
1761at6231	dirofilaria_immitis_chr2	7113782.5	B
1762at6231	dirofilaria_immitis_chrX	18186171.5	E
1770at6231	dirofilaria_immitis_chrX	27665324.0	E
1778at6231	dirofilaria_immitis_chr2	11116765.5	A
1797at6231	dirofilaria_immitis_chr4	11863302.0	N
1801at6231	dirofilaria_immitis_chrX	17875797.0	E
1817at6231	dirofilaria_immitis_chr4	6337666.0	N
1821at6231	dirofilaria_immitis_chr4	9327647.0	N
1822at6231	dirofilaria_immitis_chrX	18042224.0	E
1823at6231	dirofilaria_immitis_chr1	14683037.0	C
1827at6231	dirofilaria_immitis_chrX	8654180.0	X
1831at6231	dirofilaria_immitis_chr2	9520591.0	A
1835at6231	dirofilaria_immitis_chrX	5936499.5	X
1837at6231	dirofilaria_immitis_chr2	13559430.0	A
1838at6231	dirofilaria_immitis_chrX	19724496.0	E
1847at6231	dirofilaria_immitis_chrX	547241.0	D
1849at6231	dirofilaria_immitis_chr1	13563478.5	C
1852at6231	dirofilaria_immitis_chr1	5606252.5	C
1856at6231	dirofilaria_immitis_chr2	3928333.0	A
1865at6231	dirofilaria_immitis_chrX	14203417.0	E
1870at6231	dirofilaria_immitis_chrX	4297147.0	D
1872at6231	dirofilaria_immitis_chr1	7439937.0	C
1873at6231	dirofilaria_immitis_chrX	290207.0	X
1877at6231	dirofilaria_immitis_chr1	8548769.0	C
1884at6231	dirofilaria_immitis_chrX	5083471.5	X
1890at6231	dirofilaria_immitis_chrX	18655468.0	E
1894at6231	dirofilaria_immitis_chrX	2562723.0	D
1895at6231	dirofilaria_immitis_chrX	886813.0	D
1898at6231	dirofilaria_immitis_chr1	8000520.0	C
1899at6231	dirofilaria_immitis_chr2	12272764.5	A
1914at6231	dirofilaria_immitis_chr3	986559.0	B
1915at6231	dirofilaria_immitis_chr1	6217714.0	C
1918at6231	dirofilaria_immitis_chrX	23455123.5	D
1921at6231	dirofilaria_immitis_chr1	14824621.0	C
1927at6231	dirofilaria_immitis_chr4	9982882.0	N
1931at6231	dirofilaria_immitis_chr2	2370021.5	A
1942at6231	dirofilaria_immitis_chr3	12013322.0	B
1963at6231	dirofilaria_immitis_chr1	7366049.0	C
1964at6231	dirofilaria_immitis_chrX	12606086.0	X
1966at6231	dirofilaria_immitis_chrX	7588465.0	X
1967at6231	dirofilaria_immitis_chr2	14157306.0	A
1968at6231	dirofilaria_immitis_chr1	7823070.5	C
1974at6231	dirofilaria_immitis_chrX	2378740.0	X
1978at6231	dirofilaria_immitis_chr2	1184661.0	A
1979at6231	dirofilaria_immitis_chr2	7640170.0	A
1980at6231	dirofilaria_immitis_chr2	14924189.0	A
1991at6231	dirofilaria_immitis_chr4	10653878.0	N
2000at6231	dirofilaria_immitis_chr1	9038683.0	C
2008at6231	dirofilaria_immitis_chr4	6055991.0	N
2012at6231	dirofilaria_immitis_chr2	11652919.5	A
2014at6231	dirofilaria_immitis_chr3	2039648.0	B
2018at6231	dirofilaria_immitis_chrX	18674583.0	E
2021at6231	dirofilaria_immitis_chrX	16550367.5	E
2023at6231	dirofilaria_immitis_chr2	9471548.5	A
2028at6231	dirofilaria_immitis_chr3	1609048.5	B
2032at6231	dirofilaria_immitis_chr2	5469645.5	A
2035at6231	dirofilaria_immitis_chr2	7545177.5	A
2041at6231	dirofilaria_immitis_chr2	2356943.0	A
2042at6231	dirofilaria_immitis_chr3	1349021.0	B
2052at6231	dirofilaria_immitis_chr1	8136200.5	C
2058at6231	dirofilaria_immitis_chr1	10486639.5	C
2064at6231	dirofilaria_immitis_chr2	3920689.5	A
2072at6231	dirofilaria_immitis_chr2	8129997.0	A
2073at6231	dirofilaria_immitis_chr2	7537094.5	A
2075at6231	dirofilaria_immitis_chrX	16324228.5	E
2077at6231	dirofilaria_immitis_chrX	23934512.5	E
2080at6231	dirofilaria_immitis_chr3	2514456.0	B
2089at6231	dirofilaria_immitis_chr3	1676078.0	B
2092at6231	dirofilaria_immitis_chr2	9757206.0	A
2096at6231	dirofilaria_immitis_chr1	4736699.0	C
2099at6231	dirofilaria_immitis_chr1	4450961.5	C
2100at6231	dirofilaria_immitis_chrX	5029640.0	X
2102at6231	dirofilaria_immitis_chr3	6992339.5	B
2103at6231	dirofilaria_immitis_chr3	6552455.5	B
2105at6231	dirofilaria_immitis_chr1	6310942.5	C
2107at6231	dirofilaria_immitis_chr1	5371301.5	C
2114at6231	dirofilaria_immitis_chrX	19333718.0	E
2115at6231	dirofilaria_immitis_chrX	11293438.5	X
2120at6231	dirofilaria_immitis_chr1	10042629.0	C
2125at6231	dirofilaria_immitis_chr4	7020017.0	N
2128at6231	dirofilaria_immitis_chrX	23447226.5	E
2131at6231	dirofilaria_immitis_chrX	26479553.5	E
2132at6231	dirofilaria_immitis_chrX	20428089.0	E
2137at6231	dirofilaria_immitis_chrX	27012130.0	E
2152at6231	dirofilaria_immitis_chrX	20173265.0	E
2159at6231	dirofilaria_immitis_chr4	228469.0	N
2160at6231	dirofilaria_immitis_chrX	10700459.0	D
2163at6231	dirofilaria_immitis_chr2	5862772.0	A
2170at6231	dirofilaria_immitis_chr1	10133088.0	C
2173at6231	dirofilaria_immitis_chr3	1469570.5	B
2178at6231	dirofilaria_immitis_chr1	13834908.0	C
2181at6231	dirofilaria_immitis_chrX	448476.0	D
2182at6231	dirofilaria_immitis_chr2	7607802.0	A
2187at6231	dirofilaria_immitis_chrX	26751017.5	A
2198at6231	dirofilaria_immitis_chr1	8031601.5	C
2201at6231	dirofilaria_immitis_chr1	10800128.5	C
2202at6231	dirofilaria_immitis_chrX	2980765.5	D
2204at6231	dirofilaria_immitis_chrX	4049950.0	D
2206at6231	dirofilaria_immitis_chr4	11215190.0	N
2208at6231	dirofilaria_immitis_chrX	4441171.0	X
2211at6231	dirofilaria_immitis_chrX	6762509.0	D
2229at6231	dirofilaria_immitis_chr2	9231921.5	A
2232at6231	dirofilaria_immitis_chr2	2501727.5	A
2236at6231	dirofilaria_immitis_chrX	21902814.5	E
2240at6231	dirofilaria_immitis_chr2	13151704.0	A
2251at6231	dirofilaria_immitis_chrX	11374082.0	X
2255at6231	dirofilaria_immitis_chr2	6867908.0	A
2257at6231	dirofilaria_immitis_chr1	15041101.5	C
2263at6231	dirofilaria_immitis_chrX	9486072.0	D
2267at6231	dirofilaria_immitis_chr2	2769888.0	A
2268at6231	dirofilaria_immitis_chrX	7562931.0	D
2270at6231	dirofilaria_immitis_chrX	24218606.0	D
2274at6231	dirofilaria_immitis_chrX	26542201.5	E
2277at6231	dirofilaria_immitis_chr3	11932867.0	B
2286at6231	dirofilaria_immitis_chr1	12069123.0	C
2287at6231	dirofilaria_immitis_chr1	11085770.5	C
2295at6231	dirofilaria_immitis_chr4	11391008.5	N
2297at6231	dirofilaria_immitis_chr3	4680139.5	B
2299at6231	dirofilaria_immitis_chr2	9669638.0	A
2301at6231	dirofilaria_immitis_chr2	4476871.0	B
2302at6231	dirofilaria_immitis_chr4	2092664.5	N
2304at6231	dirofilaria_immitis_chr1	15174914.0	C
2308at6231	dirofilaria_immitis_chr4	7843870.0	N
2311at6231	dirofilaria_immitis_chr2	14555869.5	A
2312at6231	dirofilaria_immitis_chr1	6653128.0	C
2313at6231	dirofilaria_immitis_chrX	19982380.5	D
2321at6231	dirofilaria_immitis_chrX	25368599.5	E
2324at6231	dirofilaria_immitis_chr1	9368077.5	C
2329at6231	dirofilaria_immitis_chr1	3088667.0	C
2332at6231	dirofilaria_immitis_chr2	8424841.0	A
2338at6231	dirofilaria_immitis_chrX	3292100.5	D
2339at6231	dirofilaria_immitis_chr2	4041494.5	A
2341at6231	dirofilaria_immitis_chr4	5661824.0	N
2342at6231	dirofilaria_immitis_chr2	11691520.0	A
2345at6231	dirofilaria_immitis_chrX	102581.0	X
2351at6231	dirofilaria_immitis_chr2	1425732.5	A
2353at6231	dirofilaria_immitis_chr2	14121207.0	A
2357at6231	dirofilaria_immitis_chrX	27066170.5	E
2358at6231	dirofilaria_immitis_chr4	7534791.5	N
2367at6231	dirofilaria_immitis_chr1	11529438.0	C
2368at6231	dirofilaria_immitis_chrX	13612952.0	E
2370at6231	dirofilaria_immitis_chr4	8659568.0	N
2380at6231	dirofilaria_immitis_chr1	9600912.0	C
2383at6231	dirofilaria_immitis_chr3	7972055.0	B
2384at6231	dirofilaria_immitis_chr1	8054918.0	C
2390at6231	dirofilaria_immitis_chr2	4008956.0	A
2393at6231	dirofilaria_immitis_chrX	1128037.5	D
2401at6231	dirofilaria_immitis_chr3	3969858.5	B
2408at6231	dirofilaria_immitis_chr3	12759503.5	B
2409at6231	dirofilaria_immitis_chr2	8622921.5	A
2410at6231	dirofilaria_immitis_chr2	14312296.0	A
2411at6231	dirofilaria_immitis_chrX	5647448.0	D
2415at6231	dirofilaria_immitis_chr2	13910352.0	A
2418at6231	dirofilaria_immitis_chr2	5568251.0	A
2420at6231	dirofilaria_immitis_chr3	6078519.5	B
2423at6231	dirofilaria_immitis_chr1	2290418.0	C
2424at6231	dirofilaria_immitis_chr1	11098413.0	C
2426at6231	dirofilaria_immitis_chr1	9708671.0	C
2427at6231	dirofilaria_immitis_chr4	13122564.5	N
2430at6231	dirofilaria_immitis_chrX	22894105.5	E
2431at6231	dirofilaria_immitis_chrX	24868076.0	E
2436at6231	dirofilaria_immitis_chr1	5742440.0	C
2437at6231	dirofilaria_immitis_chr3	12199997.0	B
2441at6231	dirofilaria_immitis_chr3	8114646.5	B
2454at6231	dirofilaria_immitis_chrX	19649478.0	D
2460at6231	dirofilaria_immitis_chrX	20184550.5	E
2464at6231	dirofilaria_immitis_chrX	25379628.0	E
2467at6231	dirofilaria_immitis_chr4	9224691.5	N
2469at6231	dirofilaria_immitis_chr3	8406975.5	B
2474at6231	dirofilaria_immitis_chrX	12873490.0	X
2475at6231	dirofilaria_immitis_chrX	19562202.0	E
2476at6231	dirofilaria_immitis_chrX	18411020.5	E
2478at6231	dirofilaria_immitis_chr1	14056168.0	C
2480at6231	dirofilaria_immitis_chr4	3469596.0	N
2487at6231	dirofilaria_immitis_chr3	7960445.0	B
2494at6231	dirofilaria_immitis_chr2	14985819.0	A
2495at6231	dirofilaria_immitis_chr1	12119099.0	C
2498at6231	dirofilaria_immitis_chr2	12489365.0	A
2515at6231	dirofilaria_immitis_chr1	12086235.0	C
2516at6231	dirofilaria_immitis_chr1	8140479.5	C
2523at6231	dirofilaria_immitis_chr2	11468466.5	A
2524at6231	dirofilaria_immitis_chr2	12010291.0	A
2527at6231	dirofilaria_immitis_chrX	2300823.0	D
2531at6231	dirofilaria_immitis_chr1	6099076.5	C
2538at6231	dirofilaria_immitis_chr2	9782624.0	A
2544at6231	dirofilaria_immitis_chrX	18149444.5	E
2550at6231	dirofilaria_immitis_chrX	20830818.5	E
2557at6231	dirofilaria_immitis_chrX	27958170.0	B
2562at6231	dirofilaria_immitis_chrX	24170859.0	E
2568at6231	dirofilaria_immitis_chrX	115432.0	X
2569at6231	dirofilaria_immitis_chr4	5473149.5	N
2573at6231	dirofilaria_immitis_chr1	4198160.0	C
2574at6231	dirofilaria_immitis_chrX	9089000.0	X
2595at6231	dirofilaria_immitis_chr1	6985071.0	C
2601at6231	dirofilaria_immitis_chr4	601539.0	D
2605at6231	dirofilaria_immitis_chrX	5960457.0	X
2611at6231	dirofilaria_immitis_chr1	5406058.0	C
2614at6231	dirofilaria_immitis_chr3	8062213.0	B
2618at6231	dirofilaria_immitis_chr2	2028446.0	A
2622at6231	dirofilaria_immitis_chr2	2603852.0	D
2629at6231	dirofilaria_immitis_chr2	4072993.5	A
2635at6231	dirofilaria_immitis_chrX	14682733.0	E
2639at6231	dirofilaria_immitis_chr1	7349802.0	C
2643at6231	dirofilaria_immitis_chr3	4888115.5	B
2649at6231	dirofilaria_immitis_chr3	3234740.5	B
2650at6231	dirofilaria_immitis_chr4	3413564.5	N
2652at6231	dirofilaria_immitis_chr2	1369979.0	A
2653at6231	dirofilaria_immitis_chr4	12249468.0	N
2668at6231	dirofilaria_immitis_chr1	10468551.5	C
2678at6231	dirofilaria_immitis_chr1	8798375.5	C
2687at6231	dirofilaria_immitis_chr4	13130474.0	N
2712at6231	dirofilaria_immitis_chr3	4444735.0	B
2725at6231	dirofilaria_immitis_chr1	8483749.0	C
2732at6231	dirofilaria_immitis_chr1	10647015.0	C
2756at6231	dirofilaria_immitis_chr2	2221245.0	A
2757at6231	dirofilaria_immitis_chr2	2441549.5	A
2760at6231	dirofilaria_immitis_chr2	12125168.0	A
2761at6231	dirofilaria_immitis_chr3	9435985.0	B
2764at6231	dirofilaria_immitis_chr3	3521180.0	B
2765at6231	dirofilaria_immitis_chr4	13834862.5	N
2769at6231	dirofilaria_immitis_chrX	16030521.0	E
2773at6231	dirofilaria_immitis_chrX	15320250.0	E
2774at6231	dirofilaria_immitis_chr4	6405780.0	N
2786at6231	dirofilaria_immitis_chrX	17710571.5	E
2792at6231	dirofilaria_immitis_chr1	10505686.5	C
2795at6231	dirofilaria_immitis_chr2	12370250.5	A
2805at6231	dirofilaria_immitis_chrX	7644364.5	D
2811at6231	dirofilaria_immitis_chrX	7755852.0	D
2815at6231	dirofilaria_immitis_chr2	9977982.0	A
2817at6231	dirofilaria_immitis_chr1	3025140.0	C
2821at6231	dirofilaria_immitis_chrX	11280534.0	X
2830at6231	dirofilaria_immitis_chr1	3872906.5	C
2833at6231	dirofilaria_immitis_chrX	16598885.0	E
2844at6231	dirofilaria_immitis_chrX	9162444.5	X
2845at6231	dirofilaria_immitis_chr1	11491521.0	C
2848at6231	dirofilaria_immitis_chrX	27132224.0	E
2858at6231	dirofilaria_immitis_chr2	15111985.0	B
2862at6231	dirofilaria_immitis_chr3	10189347.5	B
2865at6231	dirofilaria_immitis_chr1	8863404.0	C
2875at6231	dirofilaria_immitis_chrX	18167628.0	E
2877at6231	dirofilaria_immitis_chr3	5711531.5	B
2885at6231	dirofilaria_immitis_chrX	10959392.0	D
2890at6231	dirofilaria_immitis_chrX	3332071.5	D
2891at6231	dirofilaria_immitis_chr2	10237021.0	A
2893at6231	dirofilaria_immitis_chr2	6195523.5	A
2900at6231	dirofilaria_immitis_chrX	1505357.0	D
2906at6231	dirofilaria_immitis_chr4	231778.0	N
2918at6231	dirofilaria_immitis_chrX	11402643.0	X
2927at6231	dirofilaria_immitis_chr1	10990476.0	C
2933at6231	dirofilaria_immitis_chrX	9439727.0	D
2942at6231	dirofilaria_immitis_chrX	24395307.0	E
2943at6231	dirofilaria_immitis_chrX	3711901.0	D
2946at6231	dirofilaria_immitis_chr2	7350219.0	A
2948at6231	dirofilaria_immitis_chr2	10464760.0	A
2950at6231	dirofilaria_immitis_chrX	20138231.0	E
2956at6231	dirofilaria_immitis_chr4	9583183.0	N
2957at6231	dirofilaria_immitis_chrX	23114530.5	E
2961at6231	dirofilaria_immitis_chrX	22312593.5	E
2962at6231	dirofilaria_immitis_chr4	10588659.0	N
2966at6231	dirofilaria_immitis_chr2	817749.5	A
2970at6231	dirofilaria_immitis_chrX	4287280.0	D
2972at6231	dirofilaria_immitis_chrX	17080598.0	E
2982at6231	dirofilaria_immitis_chrX	14706146.5	E
2990at6231	dirofilaria_immitis_chr4	6922750.5	N
2992at6231	dirofilaria_immitis_chrX	26423554.5	E
2999at6231	dirofilaria_immitis_chrX	18016461.5	A
3012at6231	dirofilaria_immitis_chr2	12208694.5	A
3014at6231	dirofilaria_immitis_chrX	12905639.5	D
3035at6231	dirofilaria_immitis_chr1	914276.5	C
3037at6231	dirofilaria_immitis_chrX	10045933.0	X
3039at6231	dirofilaria_immitis_chr2	2016636.0	A
3045at6231	dirofilaria_immitis_chr4	10742921.5	N
3051at6231	dirofilaria_immitis_chr1	1404741.5	C
3059at6231	dirofilaria_immitis_chr3	6216549.0	B
3060at6231	dirofilaria_immitis_chrX	19185784.0	E
3063at6231	dirofilaria_immitis_chr1	7034098.0	C
3064at6231	dirofilaria_immitis_chr1	5106222.0	C
3070at6231	dirofilaria_immitis_chr2	13538542.0	A
3084at6231	dirofilaria_immitis_chr1	7642658.5	C
3089at6231	dirofilaria_immitis_chrX	16125904.0	E
3091at6231	dirofilaria_immitis_chrX	12510197.5	X
3103at6231	dirofilaria_immitis_chrX	5950907.0	X
3108at6231	dirofilaria_immitis_chr3	9527227.5	B
3122at6231	dirofilaria_immitis_chrX	9109836.0	X
3125at6231	dirofilaria_immitis_chr2	1128113.5	A
3129at6231	dirofilaria_immitis_chr3	3103757.0	B
3157at6231	dirofilaria_immitis_chr2	5981301.0	A
3158at6231	dirofilaria_immitis_chrX	13581100.0	E
3167at6231	dirofilaria_immitis_chr3	13250717.5	B
3171at6231	dirofilaria_immitis_chrX	12914602.0	D
3176at6231	dirofilaria_immitis_chrX	10977933.0	D
3182at6231	dirofilaria_immitis_chr3	9286285.5	B
3183at6231	dirofilaria_immitis_chrX	26638427.0	E
3191at6231	dirofilaria_immitis_chrX	11464315.0	X
3193at6231	dirofilaria_immitis_chr1	6518470.5	C
3196at6231	dirofilaria_immitis_chr2	13711935.5	A
3209at6231	dirofilaria_immitis_chrX	966433.0	D
3211at6231	dirofilaria_immitis_chr3	6963412.0	B
3214at6231	dirofilaria_immitis_chr3	10408948.0	B
3218at6231	dirofilaria_immitis_chrX	8302331.5	D
3219at6231	dirofilaria_immitis_chr2	1502758.0	A
3225at6231	dirofilaria_immitis_chrX	15346183.0	E
3226at6231	dirofilaria_immitis_chr3	9281487.0	B
3231at6231	dirofilaria_immitis_chr1	13252486.5	C
3237at6231	dirofilaria_immitis_chrX	7373890.0	D
3251at6231	dirofilaria_immitis_chr3	8302168.5	B
3254at6231	dirofilaria_immitis_chr1	7676503.0	C
3259at6231	dirofilaria_immitis_chr2	14220393.5	A
3275at6231	dirofilaria_immitis_chr1	14591101.0	C
3276at6231	dirofilaria_immitis_chrX	5965472.0	X
3281at6231	dirofilaria_immitis_chrX	20441812.0	E
3292at6231	dirofilaria_immitis_chr3	5476268.5	B
3295at6231	dirofilaria_immitis_chr2	10061282.0	A
3300at6231	dirofilaria_immitis_chrX	24223747.0	D
3304at6231	dirofilaria_immitis_chr2	4654691.5	A
3308at6231	dirofilaria_immitis_chr3	3087276.0	B
3312at6231	dirofilaria_immitis_chr3	1283768.0	B
3317at6231	dirofilaria_immitis_chr3	7140771.0	B
3321at6231	dirofilaria_immitis_chr1	8270201.5	C
3324at6231	dirofilaria_immitis_chrX	17739893.0	E
3326at6231	dirofilaria_immitis_chrX	14781742.5	A
3331at6231	dirofilaria_immitis_chr2	7649241.0	A
3335at6231	dirofilaria_immitis_chr2	14777807.5	A
3340at6231	dirofilaria_immitis_chr3	1706534.5	B
3347at6231	dirofilaria_immitis_chr4	6153480.0	N
3349at6231	dirofilaria_immitis_chrX	22954901.0	E
3360at6231	dirofilaria_immitis_chrX	11340632.0	D
3365at6231	dirofilaria_immitis_chr3	5655890.0	B
3366at6231	dirofilaria_immitis_chr1	8769073.5	C
3376at6231	dirofilaria_immitis_chr2	1141899.0	A
3378at6231	dirofilaria_immitis_chr2	13383400.5	A
3379at6231	dirofilaria_immitis_chr2	13403616.0	A
3381at6231	dirofilaria_immitis_chr2	6325841.5	A
3396at6231	dirofilaria_immitis_chr1	11345950.0	C
3398at6231	dirofilaria_immitis_chrX	21144933.0	E
3400at6231	dirofilaria_immitis_chr1	7486237.0	C
3401at6231	dirofilaria_immitis_chr3	1856002.5	B
3403at6231	dirofilaria_immitis_chr4	764870.5	N
3404at6231	dirofilaria_immitis_chrX	10092149.0	X
3408at6231	dirofilaria_immitis_chr4	176381.0	N
3411at6231	dirofilaria_immitis_chr2	12533397.0	A
3412at6231	dirofilaria_immitis_chr3	2593463.5	B
3414at6231	dirofilaria_immitis_chr1	12223576.0	C
3420at6231	dirofilaria_immitis_chr2	13463879.0	A
3422at6231	dirofilaria_immitis_chr1	8393512.5	C
3433at6231	dirofilaria_immitis_chr2	11163009.0	A
3434at6231	dirofilaria_immitis_chr4	8331631.5	N
3442at6231	dirofilaria_immitis_chrX	8369258.0	X
3444at6231	dirofilaria_immitis_chr1	8007089.0	C
3450at6231	dirofilaria_immitis_chr2	12631860.0	A
3464at6231	dirofilaria_immitis_chrX	9289027.0	X
3466at6231	dirofilaria_immitis_chr1	8267037.0	C
3480at6231	dirofilaria_immitis_chr1	10688980.5	C
3490at6231	dirofilaria_immitis_chrX	3487822.5	X
3493at6231	dirofilaria_immitis_chrX	19359362.0	E
3496at6231	dirofilaria_immitis_chr3	11215188.0	B
3504at6231	dirofilaria_immitis_chr4	193165.0	N
3506at6231	dirofilaria_immitis_chr1	7940989.0	C
3509at6231	dirofilaria_immitis_chr1	7420353.0	C
3516at6231	dirofilaria_immitis_chr2	8202043.0	A
3520at6231	dirofilaria_immitis_chr1	11537909.0	C
3523at6231	dirofilaria_immitis_chr4	6142844.0	N
3524at6231	dirofilaria_immitis_chrX	20105549.0	E
3534at6231	dirofilaria_immitis_chr1	11471480.0	C
3542at6231	dirofilaria_immitis_chr1	14135516.0	C
3545at6231	dirofilaria_immitis_chrX	20394493.0	E
3547at6231	dirofilaria_immitis_chr3	6820812.0	B
3548at6231	dirofilaria_immitis_chr2	10199290.0	A
3550at6231	dirofilaria_immitis_chrX	6886718.5	X
3552at6231	dirofilaria_immitis_chr1	8384819.5	C
3553at6231	dirofilaria_immitis_chr2	14215859.0	A
3558at6231	dirofilaria_immitis_chr2	13179264.0	A
3561at6231	dirofilaria_immitis_chrX	15302685.5	E
3572at6231	dirofilaria_immitis_chr1	7672353.0	C
3577at6231	dirofilaria_immitis_chr2	11929869.0	A
3578at6231	dirofilaria_immitis_chr2	9887279.5	A
3583at6231	dirofilaria_immitis_chrX	10793056.5	X
3585at6231	dirofilaria_immitis_chr2	13406883.5	A
3593at6231	dirofilaria_immitis_chrX	10394632.5	D
3594at6231	dirofilaria_immitis_chr3	2150250.0	B
3596at6231	dirofilaria_immitis_chr2	207291.0	A
3601at6231	dirofilaria_immitis_chr1	7727333.0	C
3612at6231	dirofilaria_immitis_chr2	6969259.0	A
3618at6231	dirofilaria_immitis_chr1	10282741.5	C
3630at6231	dirofilaria_immitis_chrX	25294658.5	E
3637at6231	dirofilaria_immitis_chr2	4397631.0	A
3638at6231	dirofilaria_immitis_chrX	8804010.0	D
3642at6231	dirofilaria_immitis_chr3	13446633.0	B
3644at6231	dirofilaria_immitis_chr2	13755556.0	A
3654at6231	dirofilaria_immitis_chr1	8982615.5	C
3659at6231	dirofilaria_immitis_chr4	12694434.0	N
3660at6231	dirofilaria_immitis_chr2	9901005.0	A
3666at6231	dirofilaria_immitis_chrX	22532659.5	E
3667at6231	dirofilaria_immitis_chr1	12812199.0	C
3671at6231	dirofilaria_immitis_chr2	1593910.5	A
3676at6231	dirofilaria_immitis_chr2	12849028.0	A
3678at6231	dirofilaria_immitis_chr2	3963163.0	A
3679at6231	dirofilaria_immitis_chrX	485498.5	X
3688at6231	dirofilaria_immitis_chr1	12767120.5	D
3696at6231	dirofilaria_immitis_chrX	4685656.5	D
3698at6231	dirofilaria_immitis_chr4	5432709.5	N
3699at6231	dirofilaria_immitis_chr2	7630504.0	A
3701at6231	dirofilaria_immitis_chr1	1855614.5	C
3712at6231	dirofilaria_immitis_chr2	8643770.0	A
3718at6231	dirofilaria_immitis_chr3	13042206.0	B
3719at6231	dirofilaria_immitis_chrX	2103037.0	D
3723at6231	dirofilaria_immitis_chrX	3096072.5	D
3732at6231	dirofilaria_immitis_chr4	485915.0	N
3746at6231	dirofilaria_immitis_chrX	11990139.0	X
3748at6231	dirofilaria_immitis_chr3	14082859.5	B
3754at6231	dirofilaria_immitis_chrX	11853049.5	X
3758at6231	dirofilaria_immitis_chr1	12145213.0	C
3760at6231	dirofilaria_immitis_chr1	5528843.0	C
3763at6231	dirofilaria_immitis_chr1	6750886.5	C
3769at6231	dirofilaria_immitis_chr1	10001065.0	C
3774at6231	dirofilaria_immitis_chr1	5773938.0	C
3776at6231	dirofilaria_immitis_chr1	7415097.0	C
3780at6231	dirofilaria_immitis_chr1	8220888.5	C
3781at6231	dirofilaria_immitis_chr1	13468541.5	C
3793at6231	dirofilaria_immitis_chr3	3909934.0	A
3798at6231	dirofilaria_immitis_chrX	22944817.5	E
3816at6231	dirofilaria_immitis_chr2	13164081.0	A
3818at6231	dirofilaria_immitis_chr4	3652265.0	N
3830at6231	dirofilaria_immitis_chrX	20839954.5	E
3835at6231	dirofilaria_immitis_chrX	8257155.0	D
3836at6231	dirofilaria_immitis_chr1	14336483.5	C
3842at6231	dirofilaria_immitis_chr1	8025142.0	C
3843at6231	dirofilaria_immitis_chr3	3477136.0	B
3850at6231	dirofilaria_immitis_chrX	12320105.0	X
3852at6231	dirofilaria_immitis_chr2	11204452.5	A
3853at6231	dirofilaria_immitis_chr3	12307297.5	B
3857at6231	dirofilaria_immitis_chr3	4263359.0	B
3863at6231	dirofilaria_immitis_chr2	9168464.5	A
3869at6231	dirofilaria_immitis_chr2	10217828.0	A
3871at6231	dirofilaria_immitis_chrX	27548848.0	E
3878at6231	dirofilaria_immitis_chr4	7190907.0	N
3880at6231	dirofilaria_immitis_chr2	9855112.0	A
3885at6231	dirofilaria_immitis_chr1	8410590.5	C
3887at6231	dirofilaria_immitis_chrX	13407766.0	E
3891at6231	dirofilaria_immitis_chrX	10891014.0	D
3894at6231	dirofilaria_immitis_chr2	14042334.0	A
3903at6231	dirofilaria_immitis_chr2	675606.0	A
3907at6231	dirofilaria_immitis_chr2	12366320.0	A
3908at6231	dirofilaria_immitis_chrX	24030306.5	E
3919at6231	dirofilaria_immitis_chr1	12803081.5	C
3927at6231	dirofilaria_immitis_chr4	9158305.5	N
3929at6231	dirofilaria_immitis_chrX	7690810.0	C
3930at6231	dirofilaria_immitis_chr3	680313.5	B
3935at6231	dirofilaria_immitis_chrX	13447016.0	E
3947at6231	dirofilaria_immitis_chrX	7576012.0	X
3951at6231	dirofilaria_immitis_chr3	9261655.0	B
3952at6231	dirofilaria_immitis_chr3	9035082.0	B
3960at6231	dirofilaria_immitis_chr1	13475167.0	C
3963at6231	dirofilaria_immitis_chr3	6947155.0	B
3969at6231	dirofilaria_immitis_chrX	19999396.5	E
3970at6231	dirofilaria_immitis_chr2	4387076.0	A
3989at6231	dirofilaria_immitis_chrX	11626922.0	X
3993at6231	dirofilaria_immitis_chr4	13755338.0	N
3995at6231	dirofilaria_immitis_chr2	13879148.0	A
4001at6231	dirofilaria_immitis_chr3	5487127.0	B
4008at6231	dirofilaria_immitis_chr3	9861680.5	B
4013at6231	dirofilaria_immitis_chrX	8293870.0	D
4026at6231	dirofilaria_immitis_chr3	8794507.5	B
4028at6231	dirofilaria_immitis_chr3	10763487.5	B
4030at6231	dirofilaria_immitis_chrX	7026947.0	D
4046at6231	dirofilaria_immitis_chr1	1825692.0	C
4050at6231	dirofilaria_immitis_chr1	8300480.0	C
4054at6231	dirofilaria_immitis_chrX	17793122.0	E
4061at6231	dirofilaria_immitis_chr1	5296684.5	C
4063at6231	dirofilaria_immitis_chr2	1622133.5	A
4069at6231	dirofilaria_immitis_chrX	23538930.0	E
4072at6231	dirofilaria_immitis_chr3	6786296.5	B
4075at6231	dirofilaria_immitis_chrX	2304329.5	D
4088at6231	dirofilaria_immitis_chr1	13141301.0	C
4089at6231	dirofilaria_immitis_chrX	5770016.0	D
4093at6231	dirofilaria_immitis_chr4	11646067.0	N
4098at6231	dirofilaria_immitis_chr2	6116995.0	A
4104at6231	dirofilaria_immitis_chr4	4806103.0	C
4106at6231	dirofilaria_immitis_chr2	14995541.5	A
4120at6231	dirofilaria_immitis_chr1	13645566.5	C
4128at6231	dirofilaria_immitis_chrX	20214014.0	E
4147at6231	dirofilaria_immitis_chr3	8663995.5	B
4150at6231	dirofilaria_immitis_chrX	8170950.0	D
4153at6231	dirofilaria_immitis_chr4	11601680.5	C
4168at6231	dirofilaria_immitis_chr2	5663147.5	A
4173at6231	dirofilaria_immitis_chr2	13168920.5	A
4176at6231	dirofilaria_immitis_chrX	21448574.0	D
4178at6231	dirofilaria_immitis_chrX	13212057.0	E
4181at6231	dirofilaria_immitis_chr1	14316872.0	C
4182at6231	dirofilaria_immitis_chr2	7406951.0	A
4192at6231	dirofilaria_immitis_chr3	11970401.0	B
4202at6231	dirofilaria_immitis_chr2	5430826.0	A
4209at6231	dirofilaria_immitis_chrX	21751646.0	E
4211at6231	dirofilaria_immitis_chr1	11426563.0	C
4213at6231	dirofilaria_immitis_chr2	13435694.5	A
4225at6231	dirofilaria_immitis_chr3	4286907.0	B
4226at6231	dirofilaria_immitis_chr2	7130246.5	A
4230at6231	dirofilaria_immitis_chr1	6731574.5	C
4231at6231	dirofilaria_immitis_chr3	5086297.0	B
4237at6231	dirofilaria_immitis_chr3	14654707.5	B
4238at6231	dirofilaria_immitis_chr4	9457238.5	N
4242at6231	dirofilaria_immitis_chrX	5055198.0	D
4246at6231	dirofilaria_immitis_chr2	9464028.5	A
4258at6231	dirofilaria_immitis_chr2	13351770.0	A
4272at6231	dirofilaria_immitis_chrX	5450306.0	D
4277at6231	dirofilaria_immitis_chr4	10705683.0	N
4282at6231	dirofilaria_immitis_chrX	11126895.0	X
4285at6231	dirofilaria_immitis_chr1	10330285.5	C
4289at6231	dirofilaria_immitis_chrX	5725027.5	D
4301at6231	dirofilaria_immitis_chr2	2217410.5	A
4303at6231	dirofilaria_immitis_chrX	8284093.5	D
4307at6231	dirofilaria_immitis_chr4	3089399.5	N
4310at6231	dirofilaria_immitis_chr2	7616206.0	A
4316at6231	dirofilaria_immitis_chr1	2553688.0	C
4320at6231	dirofilaria_immitis_chrX	9432234.0	D
4337at6231	dirofilaria_immitis_chr3	8038555.5	B
4340at6231	dirofilaria_immitis_chr4	6703949.0	N
4355at6231	dirofilaria_immitis_chrX	3369888.0	X
4357at6231	dirofilaria_immitis_chrX	18098739.0	E
4359at6231	dirofilaria_immitis_chr2	7969566.5	A
4364at6231	dirofilaria_immitis_chr1	8614111.0	C
4389at6231	dirofilaria_immitis_chrX	6241993.0	D
4404at6231	dirofilaria_immitis_chr1	13784427.5	C
4405at6231	dirofilaria_immitis_chr3	6260019.0	B
4407at6231	dirofilaria_immitis_chr3	7376001.0	B
4412at6231	dirofilaria_immitis_chr3	3619890.0	B
4415at6231	dirofilaria_immitis_chr1	7381319.0	C
4417at6231	dirofilaria_immitis_chrX	3529532.0	D
4422at6231	dirofilaria_immitis_chr1	14913814.0	C
4427at6231	dirofilaria_immitis_chrX	11004808.5	X
4436at6231	dirofilaria_immitis_chr1	3745862.0	C
4444at6231	dirofilaria_immitis_chrX	1847037.0	D
4454at6231	dirofilaria_immitis_chr3	12518318.5	B
4457at6231	dirofilaria_immitis_chr4	8192170.0	N
4458at6231	dirofilaria_immitis_chr1	7502122.0	C
4465at6231	dirofilaria_immitis_chrX	18381587.0	E
4469at6231	dirofilaria_immitis_chr1	4569794.0	C
4487at6231	dirofilaria_immitis_chr3	832460.0	B
4489at6231	dirofilaria_immitis_chr2	11851172.0	A
4499at6231	dirofilaria_immitis_chr2	3773907.5	A
4504at6231	dirofilaria_immitis_chrX	15513871.0	E
4509at6231	dirofilaria_immitis_chr1	4483486.5	B
4512at6231	dirofilaria_immitis_chr2	12704669.0	A
4516at6231	dirofilaria_immitis_chr3	9963399.5	B
4519at6231	dirofilaria_immitis_chr2	14420478.5	A
4521at6231	dirofilaria_immitis_chr3	6599846.5	B
4525at6231	dirofilaria_immitis_chr1	12986448.5	C
4526at6231	dirofilaria_immitis_chr4	3753854.0	N
4532at6231	dirofilaria_immitis_chr3	5438804.0	B
4536at6231	dirofilaria_immitis_chr1	5765805.0	C
4539at6231	dirofilaria_immitis_chr1	7357193.0	C
4540at6231	dirofilaria_immitis_chr2	7103990.0	B
4542at6231	dirofilaria_immitis_chr4	7331769.5	N
4548at6231	dirofilaria_immitis_chrX	26514782.5	E
4549at6231	dirofilaria_immitis_chrX	19604221.0	E
4551at6231	dirofilaria_immitis_chrX	2568001.0	D
4572at6231	dirofilaria_immitis_chrX	2975254.0	D
4585at6231	dirofilaria_immitis_chrX	26021262.0	E
4586at6231	dirofilaria_immitis_chr2	12065865.5	A
4588at6231	dirofilaria_immitis_chrX	22260594.0	E
4593at6231	dirofilaria_immitis_chr3	10392126.0	B
4594at6231	dirofilaria_immitis_chr3	5237295.0	B
4597at6231	dirofilaria_immitis_chrX	11815630.0	X
4598at6231	dirofilaria_immitis_chr2	14679805.0	A
4602at6231	dirofilaria_immitis_chr2	7991807.0	A
4611at6231	dirofilaria_immitis_chr2	1785226.0	A
4621at6231	dirofilaria_immitis_chr3	11350112.0	B
4622at6231	dirofilaria_immitis_chr1	1847977.5	C
4635at6231	dirofilaria_immitis_chr1	13464326.0	C
4639at6231	dirofilaria_immitis_chrX	26486297.0	D
4650at6231	dirofilaria_immitis_chr3	1878376.5	B
4657at6231	dirofilaria_immitis_chr2	8106426.0	A
4661at6231	dirofilaria_immitis_chrX	8895054.5	X
4669at6231	dirofilaria_immitis_chrX	7492940.0	X
4673at6231	dirofilaria_immitis_chrX	5544257.5	D
4675at6231	dirofilaria_immitis_chr1	3246165.5	C
4679at6231	dirofilaria_immitis_chr1	10936637.0	C
4680at6231	dirofilaria_immitis_chrX	3293839.5	B
4690at6231	dirofilaria_immitis_chr1	7589581.0	C
4692at6231	dirofilaria_immitis_chr2	13782822.0	A
4702at6231	dirofilaria_immitis_chrX	20058123.5	A
4703at6231	dirofilaria_immitis_chr1	10774572.0	C
4722at6231	dirofilaria_immitis_chr3	2299184.5	B
4723at6231	dirofilaria_immitis_chr3	5395409.0	B
4726at6231	dirofilaria_immitis_chr1	11746936.0	C
4731at6231	dirofilaria_immitis_chr1	12065136.0	C
4735at6231	dirofilaria_immitis_chr2	1394905.0	A
4739at6231	dirofilaria_immitis_chr1	12257588.0	C
4746at6231	dirofilaria_immitis_chrX	22269046.0	E
4750at6231	dirofilaria_immitis_chr2	8027574.5	A
4752at6231	dirofilaria_immitis_chr3	5302295.0	B
4754at6231	dirofilaria_immitis_chrX	16620980.0	E
4757at6231	dirofilaria_immitis_chr1	13849462.5	C
4759at6231	dirofilaria_immitis_chr1	13625023.5	C
4760at6231	dirofilaria_immitis_chr1	355731.0	C
4763at6231	dirofilaria_immitis_chr2	7121222.0	A
4766at6231	dirofilaria_immitis_chr2	3166294.0	A
4771at6231	dirofilaria_immitis_chr3	3414672.0	B
4775at6231	dirofilaria_immitis_chr4	12090682.0	N
4776at6231	dirofilaria_immitis_chrX	7029768.5	D
4777at6231	dirofilaria_immitis_chr2	4191108.0	A
4779at6231	dirofilaria_immitis_chrX	19094599.5	E
4786at6231	dirofilaria_immitis_chr3	14845473.0	B
4793at6231	dirofilaria_immitis_chrX	28221361.0	E
4794at6231	dirofilaria_immitis_chrX	27793154.5	E
4799at6231	dirofilaria_immitis_chr3	4087769.0	B
4802at6231	dirofilaria_immitis_chr2	13327641.5	A
4804at6231	dirofilaria_immitis_chr2	9507865.5	A
4811at6231	dirofilaria_immitis_chr2	9116290.0	A
4815at6231	dirofilaria_immitis_chrX	24498173.5	E
4816at6231	dirofilaria_immitis_chr3	236253.5	B
4825at6231	dirofilaria_immitis_chr1	11396503.5	C
4834at6231	dirofilaria_immitis_chrX	18957911.0	E
4839at6231	dirofilaria_immitis_chr3	5701135.0	B
4848at6231	dirofilaria_immitis_chr1	13670351.5	C
4856at6231	dirofilaria_immitis_chr2	13400772.0	A
4859at6231	dirofilaria_immitis_chr1	3832662.5	C
4861at6231	dirofilaria_immitis_chr3	4765241.5	B
4869at6231	dirofilaria_immitis_chr2	9927705.0	A
4873at6231	dirofilaria_immitis_chr3	7298568.0	B
4881at6231	dirofilaria_immitis_chr1	8187171.0	C
4883at6231	dirofilaria_immitis_chr4	10633043.5	N
4887at6231	dirofilaria_immitis_chr2	13217250.5	A
4895at6231	dirofilaria_immitis_chr3	55001.5	B
4903at6231	dirofilaria_immitis_chr3	10730917.0	B
4905at6231	dirofilaria_immitis_chrX	15296908.5	E
4906at6231	dirofilaria_immitis_chrX	15333015.0	E
4910at6231	dirofilaria_immitis_chrX	5260154.5	X
4913at6231	dirofilaria_immitis_chr3	3528720.0	B
4919at6231	dirofilaria_immitis_chrX	13551016.0	E
4925at6231	dirofilaria_immitis_chr1	9572433.5	C
4930at6231	dirofilaria_immitis_chr2	14199083.5	A
4932at6231	dirofilaria_immitis_chrX	3006369.0	D
4940at6231	dirofilaria_immitis_chr1	11311624.0	C
4951at6231	dirofilaria_immitis_chrX	14466516.0	E
4961at6231	dirofilaria_immitis_chr3	7803829.0	B
4968at6231	dirofilaria_immitis_scaffold005	19731.0	E
4973at6231	dirofilaria_immitis_chrX	22861361.0	E
4977at6231	dirofilaria_immitis_chr4	1201153.0	N
4982at6231	dirofilaria_immitis_chr3	6794588.0	B
4991at6231	dirofilaria_immitis_chrX	9137188.0	X
5009at6231	dirofilaria_immitis_chrX	7833797.5	D
5013at6231	dirofilaria_immitis_chr2	14372700.0	A
5016at6231	dirofilaria_immitis_chrX	21805038.5	E
5017at6231	dirofilaria_immitis_chrX	8158356.0	D
5038at6231	dirofilaria_immitis_chr1	3773955.0	C
5044at6231	dirofilaria_immitis_chr1	1911912.0	C
5045at6231	dirofilaria_immitis_chrX	15989014.5	E
5062at6231	dirofilaria_immitis_chr1	12037969.0	C
5070at6231	dirofilaria_immitis_chr2	11300021.0	A
5074at6231	dirofilaria_immitis_chr1	7915489.5	C
5082at6231	dirofilaria_immitis_chr2	13689414.0	A
5083at6231	dirofilaria_immitis_chr1	4705264.0	C
5090at6231	dirofilaria_immitis_chr2	14689735.5	A
5096at6231	dirofilaria_immitis_chr3	5387726.5	B
5117at6231	dirofilaria_immitis_chr1	13985235.0	C
5131at6231	dirofilaria_immitis_chr1	14115285.5	C
5132at6231	dirofilaria_immitis_chrX	12338229.5	X
5135at6231	dirofilaria_immitis_chr1	5086201.0	C
5142at6231	dirofilaria_immitis_chr2	8134742.0	A
5147at6231	dirofilaria_immitis_chr3	12298647.5	B
5156at6231	dirofilaria_immitis_chr1	318823.5	C
5158at6231	dirofilaria_immitis_chr4	5888548.0	N
5165at6231	dirofilaria_immitis_chr4	938810.0	N
5179at6231	dirofilaria_immitis_chr3	5790470.5	B
5189at6231	dirofilaria_immitis_chr1	1535668.5	C
5190at6231	dirofilaria_immitis_chrX	3133822.5	D
5191at6231	dirofilaria_immitis_chr1	6075886.5	C
5198at6231	dirofilaria_immitis_chr1	6270346.0	C
5199at6231	dirofilaria_immitis_chr2	4014836.5	A
5202at6231	dirofilaria_immitis_chr2	14994172.5	A
5207at6231	dirofilaria_immitis_chrX	572707.0	B
5208at6231	dirofilaria_immitis_chr4	12955108.0	N
5240at6231	dirofilaria_immitis_chr2	2258022.5	A
5248at6231	dirofilaria_immitis_chr1	9932749.5	C
5249at6231	dirofilaria_immitis_chr3	7272435.0	B
5251at6231	dirofilaria_immitis_chr2	2259959.0	C
5263at6231	dirofilaria_immitis_chr4	5510567.5	D
5268at6231	dirofilaria_immitis_chr2	1766699.5	A
5275at6231	dirofilaria_immitis_chr2	8061526.0	A
5276at6231	dirofilaria_immitis_chr2	12645871.0	A
5280at6231	dirofilaria_immitis_chr2	12195494.0	A
5283at6231	dirofilaria_immitis_chr3	10226415.5	B
5285at6231	dirofilaria_immitis_chr3	1686574.0	B
5289at6231	dirofilaria_immitis_chr2	6808131.0	N
5290at6231	dirofilaria_immitis_chr3	5218385.0	B
5291at6231	dirofilaria_immitis_chr3	13988892.0	C
5294at6231	dirofilaria_immitis_chr3	4012450.0	B
5298at6231	dirofilaria_immitis_chrX	15860938.5	E
5299at6231	dirofilaria_immitis_chr2	13454539.0	A
5306at6231	dirofilaria_immitis_chrX	669513.0	D
5309at6231	dirofilaria_immitis_chr1	624490.0	C
5311at6231	dirofilaria_immitis_chr2	10181251.0	A
5318at6231	dirofilaria_immitis_chrX	6012563.5	D
5319at6231	dirofilaria_immitis_chrX	18358574.0	E
5330at6231	dirofilaria_immitis_chr2	3031148.0	A
5331at6231	dirofilaria_immitis_chr1	6479423.0	C
5340at6231	dirofilaria_immitis_chr1	6356386.0	C
5342at6231	dirofilaria_immitis_chrX	3019302.0	D
5344at6231	dirofilaria_immitis_chrX	20807956.0	E
5347at6231	dirofilaria_immitis_chr3	13452164.0	B
5351at6231	dirofilaria_immitis_chr3	11841384.0	B
5357at6231	dirofilaria_immitis_chr3	7522689.0	B
5363at6231	dirofilaria_immitis_chrX	12060696.0	X
5364at6231	dirofilaria_immitis_chr2	659555.5	A
5371at6231	dirofilaria_immitis_chr4	1028669.0	N
5387at6231	dirofilaria_immitis_chr1	3388117.5	C
5398at6231	dirofilaria_immitis_chrX	22938620.5	E
5415at6231	dirofilaria_immitis_chr3	8955374.5	B
5420at6231	dirofilaria_immitis_chr1	4552442.0	C
5440at6231	dirofilaria_immitis_chr3	6030340.0	B
5441at6231	dirofilaria_immitis_chr4	2155585.5	N
5449at6231	dirofilaria_immitis_chrX	15127710.0	E
5452at6231	dirofilaria_immitis_chr3	11516643.0	B
5458at6231	dirofilaria_immitis_chr1	6232126.0	C
5465at6231	dirofilaria_immitis_chrX	8080556.0	D
5466at6231	dirofilaria_immitis_chr2	159223.5	A
5469at6231	dirofilaria_immitis_chr4	12967684.5	N
5470at6231	dirofilaria_immitis_chr2	5599344.5	A
5480at6231	dirofilaria_immitis_chr4	3516613.5	N
5481at6231	dirofilaria_immitis_chr2	3290065.0	A
5482at6231	dirofilaria_immitis_chr3	9900022.5	B
5484at6231	dirofilaria_immitis_chr2	8666399.0	A
5490at6231	dirofilaria_immitis_chr1	7065610.0	C
5499at6231	dirofilaria_immitis_chrX	4677721.0	D
5502at6231	dirofilaria_immitis_chr4	5832774.0	N
5505at6231	dirofilaria_immitis_chr2	15160413.0	A
5508at6231	dirofilaria_immitis_chrX	17808461.0	E
5510at6231	dirofilaria_immitis_chrX	26519129.5	E
5513at6231	dirofilaria_immitis_chr4	9849900.5	N
5517at6231	dirofilaria_immitis_chr1	338125.5	C
5521at6231	dirofilaria_immitis_chr2	4288420.0	A
5535at6231	dirofilaria_immitis_chr1	3981575.0	C
5541at6231	dirofilaria_immitis_chr1	14675262.5	C
5542at6231	dirofilaria_immitis_chr2	13638934.0	A
5548at6231	dirofilaria_immitis_chr4	2753690.0	N
5556at6231	dirofilaria_immitis_chr3	2196947.0	B
5566at6231	dirofilaria_immitis_chr2	1627371.0	A
5569at6231	dirofilaria_immitis_chr3	11891568.0	B
5572at6231	dirofilaria_immitis_chrX	2118454.0	D
5574at6231	dirofilaria_immitis_chr3	7902580.0	B
5576at6231	dirofilaria_immitis_chrX	26054177.0	E
5585at6231	dirofilaria_immitis_chr4	1795104.5	A
5598at6231	dirofilaria_immitis_chr1	10645550.0	C
5607at6231	dirofilaria_immitis_chr1	8401419.0	C
5608at6231	dirofilaria_immitis_chr2	864011.0	A
5611at6231	dirofilaria_immitis_chr2	9648016.0	A
5614at6231	dirofilaria_immitis_chrX	5506061.0	D
5616at6231	dirofilaria_immitis_chrX	24561794.0	E
5621at6231	dirofilaria_immitis_chr2	13311954.0	A
5626at6231	dirofilaria_immitis_chr1	15276709.0	C
5648at6231	dirofilaria_immitis_chr1	9781096.0	C
5652at6231	dirofilaria_immitis_chr2	13656132.5	A
5660at6231	dirofilaria_immitis_chrX	22886694.5	E
5668at6231	dirofilaria_immitis_chr1	6009107.0	C
5680at6231	dirofilaria_immitis_chrX	24111635.0	E
5682at6231	dirofilaria_immitis_chr3	5651307.0	B
5693at6231	dirofilaria_immitis_chrX	10979220.5	D
5694at6231	dirofilaria_immitis_chrX	24135722.0	E
5707at6231	dirofilaria_immitis_chr1	7423792.5	C
5714at6231	dirofilaria_immitis_chr2	393930.5	A
5715at6231	dirofilaria_immitis_chr2	1211795.5	A
5717at6231	dirofilaria_immitis_chrX	24024653.5	E
5718at6231	dirofilaria_immitis_chr1	3846724.0	C
5739at6231	dirofilaria_immitis_chr3	9590992.0	B
5740at6231	dirofilaria_immitis_chr2	12292317.0	A
5741at6231	dirofilaria_immitis_chr1	10196815.0	C
5748at6231	dirofilaria_immitis_chr4	3206753.0	N
5750at6231	dirofilaria_immitis_chr3	1702255.5	B
5752at6231	dirofilaria_immitis_chr4	8214858.5	N
5754at6231	dirofilaria_immitis_chr4	6378694.0	N
5755at6231	dirofilaria_immitis_chr4	6188153.0	N
5767at6231	dirofilaria_immitis_chr2	13802382.0	A
5769at6231	dirofilaria_immitis_chr1	6488778.0	C
5771at6231	dirofilaria_immitis_chrX	15443465.0	E
5773at6231	dirofilaria_immitis_chr2	9811893.0	A
5779at6231	dirofilaria_immitis_chr3	7078921.0	B
5785at6231	dirofilaria_immitis_chr2	11749992.0	A
5789at6231	dirofilaria_immitis_chr2	5295382.0	A
5800at6231	dirofilaria_immitis_chr2	2306410.5	A
5806at6231	dirofilaria_immitis_chr3	11833108.5	B
5807at6231	dirofilaria_immitis_chrX	7625038.0	D
5811at6231	dirofilaria_immitis_chr2	3593158.5	A
5834at6231	dirofilaria_immitis_chr1	4088040.0	C
5839at6231	dirofilaria_immitis_chr3	8461963.0	B
5856at6231	dirofilaria_immitis_chrX	3003128.5	D
5858at6231	dirofilaria_immitis_chr4	4418248.0	N
5862at6231	dirofilaria_immitis_chr3	14658540.5	B
5864at6231	dirofilaria_immitis_chr2	12375524.0	A
5868at6231	dirofilaria_immitis_chr1	4024923.5	A
5869at6231	dirofilaria_immitis_chrX	4593363.0	D
5872at6231	dirofilaria_immitis_chr4	1813413.0	N
5875at6231	dirofilaria_immitis_chrX	25144747.5	E
5885at6231	dirofilaria_immitis_chr3	2502953.0	B
5888at6231	dirofilaria_immitis_chr1	8326863.5	C
5891at6231	dirofilaria_immitis_chr1	9806042.0	C
5895at6231	dirofilaria_immitis_chr2	6154799.0	A
5900at6231	dirofilaria_immitis_chr2	13229437.5	A
5902at6231	dirofilaria_immitis_chrX	10280815.5	X
5909at6231	dirofilaria_immitis_chr4	12744876.5	N
5915at6231	dirofilaria_immitis_chr1	594099.0	C
5916at6231	dirofilaria_immitis_chr1	2392730.5	C
5919at6231	dirofilaria_immitis_chr3	14651906.0	B
5925at6231	dirofilaria_immitis_chr2	6143563.0	A
5928at6231	dirofilaria_immitis_chr3	8032650.0	B
5930at6231	dirofilaria_immitis_chr3	4836881.0	B
5945at6231	dirofilaria_immitis_chr1	13549243.0	C
5947at6231	dirofilaria_immitis_chr3	3987344.0	B
5952at6231	dirofilaria_immitis_chr2	7324508.0	A
5957at6231	dirofilaria_immitis_chr2	13745715.0	A
5962at6231	dirofilaria_immitis_chr1	13944101.5	C
5965at6231	dirofilaria_immitis_chr3	5045362.0	B
5974at6231	dirofilaria_immitis_chr4	6563106.0	N
5979at6231	dirofilaria_immitis_chr3	4351059.0	B
5988at6231	dirofilaria_immitis_chrX	9961942.0	X
5996at6231	dirofilaria_immitis_chrX	20420388.0	E
5997at6231	dirofilaria_immitis_chr4	8846229.5	N
6012at6231	dirofilaria_immitis_chrX	24620142.5	E
6021at6231	dirofilaria_immitis_chr3	7767703.5	B
6022at6231	dirofilaria_immitis_chr1	15309454.5	C
6023at6231	dirofilaria_immitis_chr2	9814683.0	A
6028at6231	dirofilaria_immitis_chr1	9878132.5	C
6031at6231	dirofilaria_immitis_chr1	7083705.0	C
6041at6231	dirofilaria_immitis_chr2	12129007.0	A
6046at6231	dirofilaria_immitis_chrX	5317228.5	D
6065at6231	dirofilaria_immitis_chr4	10891939.5	A
6080at6231	dirofilaria_immitis_chr3	9059953.0	C
6081at6231	dirofilaria_immitis_chrX	22034255.5	E
6102at6231	dirofilaria_immitis_chrX	10413304.0	X
6104at6231	dirofilaria_immitis_chrX	11978369.0	X
6111at6231	dirofilaria_immitis_chr2	1932827.0	A
6115at6231	dirofilaria_immitis_chr3	7702640.5	B
6122at6231	dirofilaria_immitis_chr1	10554622.0	C
6132at6231	dirofilaria_immitis_chrX	7994341.0	D
6137at6231	dirofilaria_immitis_chr3	13253424.5	B
6138at6231	dirofilaria_immitis_chr2	9400937.5	A
6146at6231	dirofilaria_immitis_chr3	8489679.5	B
6148at6231	dirofilaria_immitis_chr3	12830908.0	D
6167at6231	dirofilaria_immitis_chr2	14318204.0	A
6172at6231	dirofilaria_immitis_chr1	12392508.0	C
6186at6231	dirofilaria_immitis_chr1	11092144.0	C
6192at6231	dirofilaria_immitis_chrX	4452005.5	D
6193at6231	dirofilaria_immitis_chr2	14879274.0	A
6197at6231	dirofilaria_immitis_chrX	12067368.5	X
6202at6231	dirofilaria_immitis_chr3	6471850.0	B
6207at6231	dirofilaria_immitis_chr2	9865998.5	A
6210at6231	dirofilaria_immitis_chr2	11131172.5	A
6218at6231	dirofilaria_immitis_chr4	12287360.5	N
6234at6231	dirofilaria_immitis_chrX	21843921.0	E
6237at6231	dirofilaria_immitis_chr4	2637524.0	N
6240at6231	dirofilaria_immitis_chr2	6817813.0	A
6250at6231	dirofilaria_immitis_chr3	4255171.5	B
6254at6231	dirofilaria_immitis_chr3	11869179.0	B
6265at6231	dirofilaria_immitis_chrX	19767775.0	E
6268at6231	dirofilaria_immitis_chrX	2626887.0	D
6269at6231	dirofilaria_immitis_chr1	11794591.0	C
6282at6231	dirofilaria_immitis_chr1	10246418.0	C
6300at6231	dirofilaria_immitis_chr4	2733820.5	N
6302at6231	dirofilaria_immitis_chrX	24054655.5	E
6303at6231	dirofilaria_immitis_chrX	27563710.5	E
6305at6231	dirofilaria_immitis_chr3	9827211.0	B
6309at6231	dirofilaria_immitis_chr1	9020948.0	C
6310at6231	dirofilaria_immitis_chr1	13538100.0	C
6311at6231	dirofilaria_immitis_chr3	8893116.0	B
6318at6231	dirofilaria_immitis_chr1	14165962.0	C
6328at6231	dirofilaria_immitis_chr3	2993863.0	B
6340at6231	dirofilaria_immitis_chr1	3639505.0	C
6348at6231	dirofilaria_immitis_chr4	11853257.0	N
6350at6231	dirofilaria_immitis_chr2	234119.0	A
6360at6231	dirofilaria_immitis_chr2	1757452.5	A
6366at6231	dirofilaria_immitis_chr1	7762060.5	C
6374at6231	dirofilaria_immitis_chr4	6331367.0	D
6379at6231	dirofilaria_immitis_chr3	2751822.0	B
6402at6231	dirofilaria_immitis_chr1	8994634.5	C
6415at6231	dirofilaria_immitis_chr1	5612149.0	C
6423at6231	dirofilaria_immitis_chrX	14837963.0	E
6427at6231	dirofilaria_immitis_chr1	14972097.5	B
6438at6231	dirofilaria_immitis_chr4	10976170.5	N
6440at6231	dirofilaria_immitis_chr2	13507294.0	A
6448at6231	dirofilaria_immitis_chr3	9107928.0	B
6451at6231	dirofilaria_immitis_chr2	7100210.5	B
6462at6231	dirofilaria_immitis_chr1	5900673.5	C
6479at6231	dirofilaria_immitis_chr4	1419037.0	N
6487at6231	dirofilaria_immitis_chr3	12343326.0	B
6496at6231	dirofilaria_immitis_chr2	8039155.0	A
6503at6231	dirofilaria_immitis_chr4	13088822.0	N
6514at6231	dirofilaria_immitis_chrX	19539192.0	E
6538at6231	dirofilaria_immitis_chr1	8063221.0	C
6553at6231	dirofilaria_immitis_chr1	10701696.5	C
6557at6231	dirofilaria_immitis_chr3	3515125.5	B
6566at6231	dirofilaria_immitis_chr1	7838916.0	C
6569at6231	dirofilaria_immitis_chr1	13987482.0	C
6570at6231	dirofilaria_immitis_chr4	9812186.5	N
6571at6231	dirofilaria_immitis_chr1	15576007.0	C
6590at6231	dirofilaria_immitis_chr2	11779181.0	A
6594at6231	dirofilaria_immitis_chr4	13047332.5	N
6597at6231	dirofilaria_immitis_chr2	12073948.5	A
6599at6231	dirofilaria_immitis_chr1	8010717.5	C
6610at6231	dirofilaria_immitis_chr1	12675576.5	C
6614at6231	dirofilaria_immitis_chr3	11787325.0	B
6628at6231	dirofilaria_immitis_chr1	9717106.5	C
6630at6231	dirofilaria_immitis_chrX	27648635.0	E
6635at6231	dirofilaria_immitis_chrX	5012023.0	D
6636at6231	dirofilaria_immitis_chr3	8667070.0	B
6642at6231	dirofilaria_immitis_chr2	1719131.0	A
6649at6231	dirofilaria_immitis_chr3	14592648.0	B
6652at6231	dirofilaria_immitis_chr3	10311324.0	B
6663at6231	dirofilaria_immitis_chr2	11129826.5	A
6671at6231	dirofilaria_immitis_chrX	3105868.5	D
6673at6231	dirofilaria_immitis_chr2	11361433.0	A
6678at6231	dirofilaria_immitis_chr2	14034232.0	A
6679at6231	dirofilaria_immitis_chr1	12671781.5	C
6686at6231	dirofilaria_immitis_chr2	7171903.5	A
6693at6231	dirofilaria_immitis_chrX	13108456.0	E
6703at6231	dirofilaria_immitis_chr2	4641271.0	A
6706at6231	dirofilaria_immitis_scaffold014	2168.0	A
6709at6231	dirofilaria_immitis_chr3	4261110.0	B
6716at6231	dirofilaria_immitis_chrX	21712405.0	E
6725at6231	dirofilaria_immitis_chrX	14489162.5	E
6745at6231	dirofilaria_immitis_chrX	15243580.0	E
6756at6231	dirofilaria_immitis_chrX	466213.0	D
6757at6231	dirofilaria_immitis_chrX	15102347.0	E
6764at6231	dirofilaria_immitis_chr1	5071138.0	C
6772at6231	dirofilaria_immitis_chr1	8572891.0	C
6777at6231	dirofilaria_immitis_chrX	6604556.0	X
6778at6231	dirofilaria_immitis_chr3	13243234.0	B
6794at6231	dirofilaria_immitis_chr1	4506863.0	C
6816at6231	dirofilaria_immitis_chr4	3667625.0	N
6826at6231	dirofilaria_immitis_chr3	4609320.5	B
6827at6231	dirofilaria_immitis_chr2	13390248.0	A
6833at6231	dirofilaria_immitis_chrX	17125927.5	E
6838at6231	dirofilaria_immitis_chrX	19715261.0	E
6846at6231	dirofilaria_immitis_chrX	19245345.5	E
6848at6231	dirofilaria_immitis_chr1	165824.5	C
6851at6231	dirofilaria_immitis_chr3	9531103.0	B
6857at6231	dirofilaria_immitis_chrX	5280596.0	D
6860at6231	dirofilaria_immitis_chr1	8144982.0	C
6862at6231	dirofilaria_immitis_chr1	7092026.5	C
6875at6231	dirofilaria_immitis_chr2	11442559.0	A
6876at6231	dirofilaria_immitis_chrX	6474544.0	D
6877at6231	dirofilaria_immitis_chr1	10182834.5	C
6879at6231	dirofilaria_immitis_chr4	5821730.0	N
6880at6231	dirofilaria_immitis_chr2	3784531.0	A
6886at6231	dirofilaria_immitis_chrX	19818792.0	E
6896at6231	dirofilaria_immitis_chr1	15191448.0	C
6898at6231	dirofilaria_immitis_chr3	1617172.5	B
6910at6231	dirofilaria_immitis_chr3	3632246.0	B
6914at6231	dirofilaria_immitis_chr2	11286580.5	D
6917at6231	dirofilaria_immitis_chr3	5420300.0	B
6919at6231	dirofilaria_immitis_chr2	9149931.0	B
6921at6231	dirofilaria_immitis_chr4	6807013.0	N
6924at6231	dirofilaria_immitis_chr4	1610798.5	N
6937at6231	dirofilaria_immitis_chr2	6137100.0	A
6941at6231	dirofilaria_immitis_chr1	10833170.5	C
6943at6231	dirofilaria_immitis_chrX	9420196.5	D
6945at6231	dirofilaria_immitis_chr4	998491.0	N
6946at6231	dirofilaria_immitis_chr2	11706921.0	A
6947at6231	dirofilaria_immitis_chr2	12361958.0	A
6949at6231	dirofilaria_immitis_chr1	14900351.0	C
6960at6231	dirofilaria_immitis_chrX	11790229.5	D
6967at6231	dirofilaria_immitis_chr1	3770812.5	C
6977at6231	dirofilaria_immitis_chr2	14686555.0	A
6979at6231	dirofilaria_immitis_chr4	6656233.0	N
6984at6231	dirofilaria_immitis_chr1	11712934.0	C
6986at6231	dirofilaria_immitis_chr1	3799211.5	C
6989at6231	dirofilaria_immitis_chr1	7908559.5	C
6991at6231	dirofilaria_immitis_chr2	5266799.5	A
6997at6231	dirofilaria_immitis_chrX	19706440.0	E
6998at6231	dirofilaria_immitis_chr3	2798679.0	B
7002at6231	dirofilaria_immitis_chr2	3510619.0	A
7005at6231	dirofilaria_immitis_chr2	8280799.0	A
7007at6231	dirofilaria_immitis_chr2	11404848.0	A
7008at6231	dirofilaria_immitis_chr1	2493448.5	C
7009at6231	dirofilaria_immitis_chr2	9008358.0	A
7010at6231	dirofilaria_immitis_chr3	2987279.5	B
7012at6231	dirofilaria_immitis_chrX	8874591.5	B
7020at6231	dirofilaria_immitis_chr3	12042968.5	B
7026at6231	dirofilaria_immitis_chr3	5821571.0	B
7029at6231	dirofilaria_immitis_chrX	8165338.0	D
7033at6231	dirofilaria_immitis_chrX	12310606.0	X
7045at6231	dirofilaria_immitis_chr1	8087307.5	C
7061at6231	dirofilaria_immitis_chrX	9665434.0	B
7063at6231	dirofilaria_immitis_chr1	5263167.5	C
7071at6231	dirofilaria_immitis_chr3	2488952.0	B
7076at6231	dirofilaria_immitis_chrX	26629651.5	E
7082at6231	dirofilaria_immitis_chr1	2101601.0	C
7086at6231	dirofilaria_immitis_chrX	17701027.5	D
7088at6231	dirofilaria_immitis_chr3	6808392.0	B
7089at6231	dirofilaria_immitis_chr2	13228961.0	A
7094at6231	dirofilaria_immitis_chr4	6580787.5	N
7106at6231	dirofilaria_immitis_chr1	11843644.0	C
7110at6231	dirofilaria_immitis_chr4	6192644.0	N
7114at6231	dirofilaria_immitis_chr1	6121406.5	C
7116at6231	dirofilaria_immitis_chrX	21257206.0	E
7119at6231	dirofilaria_immitis_chr2	4656285.5	A
7123at6231	dirofilaria_immitis_chr2	7395562.5	A
7125at6231	dirofilaria_immitis_chrX	1776899.5	D
7130at6231	dirofilaria_immitis_chr3	11446149.0	D
7146at6231	dirofilaria_immitis_chr2	2045976.0	A
7151at6231	dirofilaria_immitis_chr1	15168811.0	C
7157at6231	dirofilaria_immitis_chr2	13514962.5	A
7161at6231	dirofilaria_immitis_chrX	26726333.5	E
7169at6231	dirofilaria_immitis_chr1	6630619.5	C
7170at6231	dirofilaria_immitis_chrX	25959211.0	E
7172at6231	dirofilaria_immitis_chr2	12174973.5	A
7175at6231	dirofilaria_immitis_chr1	11012158.0	C
7182at6231	dirofilaria_immitis_chrX	21253060.0	E
7187at6231	dirofilaria_immitis_chrX	277744.0	X
7196at6231	dirofilaria_immitis_chrX	24078866.0	E
7197at6231	dirofilaria_immitis_chr2	14125947.0	A
7201at6231	dirofilaria_immitis_chr4	12926345.0	N
7202at6231	dirofilaria_immitis_chrX	3273144.5	D
7210at6231	dirofilaria_immitis_chr3	3530699.0	B
7216at6231	dirofilaria_immitis_chr1	9819590.0	C
7220at6231	dirofilaria_immitis_chrX	5385410.0	D
7225at6231	dirofilaria_immitis_chr1	11443186.0	C
7232at6231	dirofilaria_immitis_chrX	22843961.0	A
7234at6231	dirofilaria_immitis_chr1	3751494.0	C
7258at6231	dirofilaria_immitis_chr2	13722077.0	A
7260at6231	dirofilaria_immitis_chr2	14820584.0	A
7264at6231	dirofilaria_immitis_chrX	7771598.0	D
7265at6231	dirofilaria_immitis_chr1	8032171.0	C
7266at6231	dirofilaria_immitis_chr1	9176300.0	C
7275at6231	dirofilaria_immitis_chr3	1908165.5	B
7278at6231	dirofilaria_immitis_chr2	9662056.0	A
7279at6231	dirofilaria_immitis_chr4	5446902.0	N
7280at6231	dirofilaria_immitis_chr2	4433970.0	A
7281at6231	dirofilaria_immitis_chr2	3952882.0	A
7285at6231	dirofilaria_immitis_chr3	7165580.5	B
7286at6231	dirofilaria_immitis_chr1	9423549.0	C
7287at6231	dirofilaria_immitis_chr3	10611390.5	B
7288at6231	dirofilaria_immitis_chr2	14124772.0	A
7289at6231	dirofilaria_immitis_chr3	1081191.0	B
7292at6231	dirofilaria_immitis_chr4	11702669.0	A
7293at6231	dirofilaria_immitis_chr4	3035310.0	C
7299at6231	dirofilaria_immitis_chr2	13074435.0	A
7301at6231	dirofilaria_immitis_chrX	21970358.5	E
7302at6231	dirofilaria_immitis_chrX	5173149.5	X
7305at6231	dirofilaria_immitis_chr2	5148990.0	A
7319at6231	dirofilaria_immitis_chr2	11828922.0	A
7322at6231	dirofilaria_immitis_chr1	14400295.0	C
7325at6231	dirofilaria_immitis_chrX	6302072.0	X
7327at6231	dirofilaria_immitis_chr4	7180934.5	N
7330at6231	dirofilaria_immitis_chr1	8148837.0	C
7340at6231	dirofilaria_immitis_chr3	5913558.0	E
7345at6231	dirofilaria_immitis_chr2	8218662.0	A
7347at6231	dirofilaria_immitis_chr4	9709131.0	N
7352at6231	dirofilaria_immitis_chrX	16545520.0	A
7363at6231	dirofilaria_immitis_chr1	8823582.0	C
7367at6231	dirofilaria_immitis_chr2	4374066.0	A
7384at6231	dirofilaria_immitis_chr3	1158138.0	B
7402at6231	dirofilaria_immitis_chrX	24021381.5	E
7416at6231	dirofilaria_immitis_chr2	1977265.0	A
7422at6231	dirofilaria_immitis_chr1	3018905.0	C
7423at6231	dirofilaria_immitis_chrX	12352820.5	X
7430at6231	dirofilaria_immitis_chr2	7553067.0	A
7469at6231	dirofilaria_immitis_chr3	10728475.0	B
7473at6231	dirofilaria_immitis_chr3	2222922.5	B
7474at6231	dirofilaria_immitis_chrX	22404066.0	E
7476at6231	dirofilaria_immitis_chr2	8804546.5	A
7481at6231	dirofilaria_immitis_chr4	9540467.0	N
7486at6231	dirofilaria_immitis_chr2	9212908.0	A
7490at6231	dirofilaria_immitis_chr1	1885742.5	C
7500at6231	dirofilaria_immitis_chrX	11836267.0	D
7511at6231	dirofilaria_immitis_chrX	16967895.5	E
7519at6231	dirofilaria_immitis_chrX	18892823.0	E
7520at6231	dirofilaria_immitis_chrX	6025552.0	D
7521at6231	dirofilaria_immitis_chr1	7490481.5	C
7524at6231	dirofilaria_immitis_chr3	1073208.5	B
7525at6231	dirofilaria_immitis_chr2	9100714.5	A
7526at6231	dirofilaria_immitis_chrX	6595599.5	D
7528at6231	dirofilaria_immitis_chr2	9924211.0	A
7540at6231	dirofilaria_immitis_chrX	19888895.5	E
7546at6231	dirofilaria_immitis_chr2	4370559.0	A
7560at6231	dirofilaria_immitis_chrX	5270560.0	D
7561at6231	dirofilaria_immitis_chrX	21782031.5	E
7565at6231	dirofilaria_immitis_chr1	9590418.0	C
7566at6231	dirofilaria_immitis_chr4	474999.0	N
7571at6231	dirofilaria_immitis_chr1	1990419.0	C
7573at6231	dirofilaria_immitis_chr2	558812.0	A
7579at6231	dirofilaria_immitis_chr2	2213052.0	A
7586at6231	dirofilaria_immitis_chr4	6861049.0	N
7612at6231	dirofilaria_immitis_chr2	9906826.5	A
7615at6231	dirofilaria_immitis_chr1	6544637.5	C
7626at6231	dirofilaria_immitis_chr2	2239860.5	A
7627at6231	dirofilaria_immitis_chr2	8680764.0	A
7628at6231	dirofilaria_immitis_chr3	7348641.0	B
7633at6231	dirofilaria_immitis_chr4	677917.5	N
7662at6231	dirofilaria_immitis_chrX	7343336.0	D
7663at6231	dirofilaria_immitis_chr2	8801766.5	A
7664at6231	dirofilaria_immitis_chrX	7997693.5	D
7665at6231	dirofilaria_immitis_chrX	7601076.5	D
7669at6231	dirofilaria_immitis_chr1	2012503.0	C
7670at6231	dirofilaria_immitis_chr4	4232918.5	N
7672at6231	dirofilaria_immitis_chrX	7324281.5	D
7675at6231	dirofilaria_immitis_chr3	175550.5	B
7678at6231	dirofilaria_immitis_chr1	6787705.0	C
7696at6231	dirofilaria_immitis_chrX	19700522.0	D
7697at6231	dirofilaria_immitis_chr1	1695710.0	C
7698at6231	dirofilaria_immitis_chrX	1142849.0	D
7702at6231	dirofilaria_immitis_chr3	5532142.0	B
7703at6231	dirofilaria_immitis_chr1	11416284.0	C
7707at6231	dirofilaria_immitis_chr2	4355601.0	A
7713at6231	dirofilaria_immitis_chrX	15811807.0	E
7716at6231	dirofilaria_immitis_chr1	8092804.0	C
7729at6231	dirofilaria_immitis_chr3	9118366.0	D
7738at6231	dirofilaria_immitis_chr2	11154576.0	A
7743at6231	dirofilaria_immitis_chr1	5112842.0	C
7746at6231	dirofilaria_immitis_chrX	14218818.0	E
7752at6231	dirofilaria_immitis_chrX	13229602.0	E
7761at6231	dirofilaria_immitis_chrX	12981176.0	C
7764at6231	dirofilaria_immitis_chr1	8538925.0	C
7772at6231	dirofilaria_immitis_chr2	11199893.5	A
7788at6231	dirofilaria_immitis_chr2	13398387.0	A
7800at6231	dirofilaria_immitis_chr3	14588145.0	B
7806at6231	dirofilaria_immitis_chr3	6184983.5	B
7810at6231	dirofilaria_immitis_chrX	19905444.0	E
7811at6231	dirofilaria_immitis_chr4	9287652.5	N
7824at6231	dirofilaria_immitis_chr3	8820481.5	B
7825at6231	dirofilaria_immitis_chr3	2807864.5	B
7830at6231	dirofilaria_immitis_chr4	2066056.0	N
7839at6231	dirofilaria_immitis_chr3	3925472.5	B
7847at6231	dirofilaria_immitis_chrX	26875.0	X
7849at6231	dirofilaria_immitis_chr2	14427112.5	A
7851at6231	dirofilaria_immitis_chr2	8354067.0	A
7866at6231	dirofilaria_immitis_chr2	1014628.0	A
7884at6231	dirofilaria_immitis_chr2	14231587.5	A
7885at6231	dirofilaria_immitis_chr1	13234159.0	C
7889at6231	dirofilaria_immitis_chr1	13786630.0	C
7891at6231	dirofilaria_immitis_chr4	7381495.0	N
7895at6231	dirofilaria_immitis_chrX	2905165.5	D
7899at6231	dirofilaria_immitis_chrX	23027692.0	E
7900at6231	dirofilaria_immitis_chr1	8569544.0	C
7913at6231	dirofilaria_immitis_chr1	2008481.0	C
7921at6231	dirofilaria_immitis_chr1	2477032.5	C
7927at6231	dirofilaria_immitis_chr1	5439887.0	C
7943at6231	dirofilaria_immitis_chr2	3298030.5	A
7954at6231	dirofilaria_immitis_chr1	12964785.0	C
7955at6231	dirofilaria_immitis_chr3	7364342.0	B
7956at6231	dirofilaria_immitis_chr4	6334136.0	N
7961at6231	dirofilaria_immitis_chr3	6942919.5	B
7970at6231	dirofilaria_immitis_chrX	9970025.0	X
7975at6231	dirofilaria_immitis_chrX	7886163.5	D
7984at6231	dirofilaria_immitis_chr3	12889885.5	B
7987at6231	dirofilaria_immitis_chr3	3539833.5	B
7992at6231	dirofilaria_immitis_chrX	16160652.0	D
7993at6231	dirofilaria_immitis_chr3	14865394.0	B
8005at6231	dirofilaria_immitis_chr2	13156547.0	A
8006at6231	dirofilaria_immitis_chrX	17681254.0	E
8007at6231	dirofilaria_immitis_chr4	2382121.0	N
8009at6231	dirofilaria_immitis_chr1	1074316.5	C
8019at6231	dirofilaria_immitis_chr1	8068123.5	C
8021at6231	dirofilaria_immitis_chr1	11021866.5	C
8025at6231	dirofilaria_immitis_chr3	7788374.5	B
8033at6231	dirofilaria_immitis_chrX	14187458.0	E
8036at6231	dirofilaria_immitis_chr2	8910249.0	A
8040at6231	dirofilaria_immitis_chr2	11632410.5	A
8044at6231	dirofilaria_immitis_chrX	8841418.5	X
8052at6231	dirofilaria_immitis_chr1	11457324.0	C
8055at6231	dirofilaria_immitis_chr2	8664917.0	A
8061at6231	dirofilaria_immitis_chr2	5680446.0	A
8063at6231	dirofilaria_immitis_chr1	1651476.0	C
8068at6231	dirofilaria_immitis_chr3	7733528.0	B
8072at6231	dirofilaria_immitis_chr4	11634923.5	B
8073at6231	dirofilaria_immitis_chrX	2747864.5	D
8081at6231	dirofilaria_immitis_chr3	6175477.0	B
8086at6231	dirofilaria_immitis_chrX	5210987.5	X
8088at6231	dirofilaria_immitis_chr2	8731317.0	A
8090at6231	dirofilaria_immitis_chr4	5488437.0	N
8094at6231	dirofilaria_immitis_chr2	2338739.5	A
8110at6231	dirofilaria_immitis_chrX	19610463.5	E
8117at6231	dirofilaria_immitis_chrX	21882544.0	E
8124at6231	dirofilaria_immitis_chr3	2487307.0	B
8130at6231	dirofilaria_immitis_chr1	2360145.0	C
8131at6231	dirofilaria_immitis_chr1	6384813.5	C
8134at6231	dirofilaria_immitis_chr1	5052805.0	C
8153at6231	dirofilaria_immitis_chr1	15487635.5	C
8183at6231	dirofilaria_immitis_chrX	20774791.5	E
8184at6231	dirofilaria_immitis_chr1	6466464.0	C
8187at6231	dirofilaria_immitis_chrX	2908424.0	D
8190at6231	dirofilaria_immitis_chr3	5534673.0	B
8194at6231	dirofilaria_immitis_chr2	5683263.5	A
8195at6231	dirofilaria_immitis_chr2	6312002.0	A
8207at6231	dirofilaria_immitis_chrX	5890143.0	X
8215at6231	dirofilaria_immitis_chrX	20844871.0	E
8219at6231	dirofilaria_immitis_chr4	12297526.5	N
8225at6231	dirofilaria_immitis_chr2	2227546.0	A
8228at6231	dirofilaria_immitis_chr1	204548.0	C
8229at6231	dirofilaria_immitis_chr1	11764117.0	C
8231at6231	dirofilaria_immitis_chr2	11325150.0	A
8238at6231	dirofilaria_immitis_chr4	11500128.5	N
8242at6231	dirofilaria_immitis_chr1	9533052.0	C
8246at6231	dirofilaria_immitis_chr1	5683340.0	C
8249at6231	dirofilaria_immitis_chr1	7399721.0	C
8250at6231	dirofilaria_immitis_chrX	6441587.0	D
8258at6231	dirofilaria_immitis_chrX	21946701.5	E
8273at6231	dirofilaria_immitis_chr1	4261736.0	C
8275at6231	dirofilaria_immitis_chr4	7271797.0	D
8280at6231	dirofilaria_immitis_chr2	14270981.0	A
8282at6231	dirofilaria_immitis_chr4	8262287.0	N
8283at6231	dirofilaria_immitis_chr2	13299185.5	A
8295at6231	dirofilaria_immitis_chr3	13048918.0	B
8300at6231	dirofilaria_immitis_chrX	5668823.0	D
8304at6231	dirofilaria_immitis_chr4	12224713.5	N
8309at6231	dirofilaria_immitis_chr4	2687246.0	N
8314at6231	dirofilaria_immitis_chr1	6957010.5	C
8316at6231	dirofilaria_immitis_chrX	6777806.0	D
8326at6231	dirofilaria_immitis_chrX	13099005.0	E
8328at6231	dirofilaria_immitis_chr2	10134231.5	A
8337at6231	dirofilaria_immitis_chr1	3961857.0	C
8342at6231	dirofilaria_immitis_chr2	9076819.5	A
8344at6231	dirofilaria_immitis_chrX	17350727.0	D
8348at6231	dirofilaria_immitis_chr3	7624441.0	B
8361at6231	dirofilaria_immitis_chrX	3448812.0	D
8379at6231	dirofilaria_immitis_chr1	11048745.0	C
8386at6231	dirofilaria_immitis_chr1	10771409.5	C
8392at6231	dirofilaria_immitis_chr2	9921006.0	A
8395at6231	dirofilaria_immitis_chr1	11943079.5	C
8417at6231	dirofilaria_immitis_chr2	14059896.5	A
8446at6231	dirofilaria_immitis_chr2	143110.5	A
8447at6231	dirofilaria_immitis_chr1	13789097.0	C
8448at6231	dirofilaria_immitis_chr2	14694915.5	A
8450at6231	dirofilaria_immitis_chrX	2844587.0	D
8452at6231	dirofilaria_immitis_chrX	8308542.0	D
8453at6231	dirofilaria_immitis_chrX	2900792.0	D
8456at6231	dirofilaria_immitis_chrX	7181983.5	X
8457at6231	dirofilaria_immitis_chr1	277349.5	C
8469at6231	dirofilaria_immitis_chrX	11132480.5	X
8471at6231	dirofilaria_immitis_chr1	9309918.0	C
8473at6231	dirofilaria_immitis_chr3	8175868.0	B
8476at6231	dirofilaria_immitis_chr1	12398347.5	C
8486at6231	dirofilaria_immitis_chr3	8950834.0	B
8492at6231	dirofilaria_immitis_chr3	1110461.0	B
8494at6231	dirofilaria_immitis_chrX	8573827.5	X
8502at6231	dirofilaria_immitis_chr3	3446569.0	B
8505at6231	dirofilaria_immitis_chr2	11306273.5	A
8506at6231	dirofilaria_immitis_chr2	9830048.0	A
8508at6231	dirofilaria_immitis_chrX	11139763.0	X
8511at6231	dirofilaria_immitis_chrX	5328090.0	D
8517at6231	dirofilaria_immitis_chr1	1083600.5	C
8518at6231	dirofilaria_immitis_chrX	23942733.0	E
8519at6231	dirofilaria_immitis_chr1	4812079.0	C
8522at6231	dirofilaria_immitis_chr1	10034998.0	C
8552at6231	dirofilaria_immitis_chrX	15825819.0	E
8560at6231	dirofilaria_immitis_chr2	10422333.0	A
8561at6231	dirofilaria_immitis_chrX	23917076.5	E
8565at6231	dirofilaria_immitis_chr2	7912143.0	N
8569at6231	dirofilaria_immitis_chr4	583587.5	N
8577at6231	dirofilaria_immitis_chr4	10621356.0	N
8579at6231	dirofilaria_immitis_chr1	6400857.0	C
8588at6231	dirofilaria_immitis_chrX	12745783.0	D
8595at6231	dirofilaria_immitis_chr1	4930777.0	C
8602at6231	dirofilaria_immitis_chrX	18911768.5	E
8603at6231	dirofilaria_immitis_chr2	8043610.5	A
8615at6231	dirofilaria_immitis_chr4	8155767.5	N
8618at6231	dirofilaria_immitis_chr3	7955099.0	B
8619at6231	dirofilaria_immitis_chrX	8461716.5	D
8625at6231	dirofilaria_immitis_chr2	2352234.0	A
8639at6231	dirofilaria_immitis_chr3	11181995.0	B
8643at6231	dirofilaria_immitis_chrX	20363935.0	E
8647at6231	dirofilaria_immitis_chr4	9804964.5	N
8664at6231	dirofilaria_immitis_chrX	11258090.0	X
8669at6231	dirofilaria_immitis_chr1	10502073.5	C
8679at6231	dirofilaria_immitis_chrX	20210714.5	E
8687at6231	dirofilaria_immitis_chr3	11613628.0	B
8691at6231	dirofilaria_immitis_chr2	3392959.5	A
8700at6231	dirofilaria_immitis_chr2	7422055.5	A
8712at6231	dirofilaria_immitis_chr2	15001351.0	A
8732at6231	dirofilaria_immitis_chr4	6589344.0	N
8737at6231	dirofilaria_immitis_chrX	22407790.0	E
8746at6231	dirofilaria_immitis_chrX	16558192.5	E
8749at6231	dirofilaria_immitis_chr2	176757.0	A
8750at6231	dirofilaria_immitis_chr4	2690179.5	D
8767at6231	dirofilaria_immitis_chrX	11202761.5	D
8776at6231	dirofilaria_immitis_chr2	8498347.5	A
8780at6231	dirofilaria_immitis_chr2	1492899.0	A
8781at6231	dirofilaria_immitis_chr3	3545453.0	B
8794at6231	dirofilaria_immitis_chr2	14683041.0	A
8796at6231	dirofilaria_immitis_chrX	8766105.0	D
8799at6231	dirofilaria_immitis_chrX	2458759.0	D
8807at6231	dirofilaria_immitis_chr4	11751981.5	N
8817at6231	dirofilaria_immitis_chr1	13613857.0	C
8834at6231	dirofilaria_immitis_chr2	8281131.0	A
8837at6231	dirofilaria_immitis_chr2	14565793.5	A
8842at6231	dirofilaria_immitis_chr4	6273592.0	N
8855at6231	dirofilaria_immitis_chr3	12869211.0	B
8856at6231	dirofilaria_immitis_chrX	14269778.0	E
8862at6231	dirofilaria_immitis_chr2	12675548.0	A
8866at6231	dirofilaria_immitis_chr4	5195140.0	N
8879at6231	dirofilaria_immitis_chrX	20506922.5	E
8888at6231	dirofilaria_immitis_chrX	23953383.5	E
8889at6231	dirofilaria_immitis_chr3	6871184.0	B
8902at6231	dirofilaria_immitis_chr4	6248277.5	N
8914at6231	dirofilaria_immitis_chr2	7512325.0	A
8918at6231	dirofilaria_immitis_chr4	11386870.0	D
8926at6231	dirofilaria_immitis_chr3	8110541.0	B
8949at6231	dirofilaria_immitis_chr2	15165288.0	A
8958at6231	dirofilaria_immitis_chr3	7451101.0	B
8969at6231	dirofilaria_immitis_chr3	5506567.0	B
8983at6231	dirofilaria_immitis_chr3	7957733.0	B
9000at6231	dirofilaria_immitis_chr3	6240352.0	B
9014at6231	dirofilaria_immitis_chr2	829406.0	A
9039at6231	dirofilaria_immitis_chr4	2831168.0	N
9042at6231	dirofilaria_immitis_chrX	4321485.0	D
9048at6231	dirofilaria_immitis_chr3	9949040.5	B
9049at6231	dirofilaria_immitis_chr1	8128573.5	C
9051at6231	dirofilaria_immitis_chrX	6994420.0	D
9055at6231	dirofilaria_immitis_chrX	496143.0	X
9059at6231	dirofilaria_immitis_chr4	5436801.5	N
9066at6231	dirofilaria_immitis_chr1	774846.0	C
9077at6231	dirofilaria_immitis_chr1	5755107.0	C
9079at6231	dirofilaria_immitis_chrX	16430628.0	E
9081at6231	dirofilaria_immitis_chr2	14526291.0	A
9082at6231	dirofilaria_immitis_chr3	14832542.0	B
9092at6231	dirofilaria_immitis_chr2	59643.5	A
9097at6231	dirofilaria_immitis_chr3	74788.0	B
9099at6231	dirofilaria_immitis_chrX	15115498.5	E
9120at6231	dirofilaria_immitis_chr2	257200.5	A
9125at6231	dirofilaria_immitis_chrX	9811995.0	D
9138at6231	dirofilaria_immitis_chrX	24745905.0	E
9150at6231	dirofilaria_immitis_chr1	15030954.0	C
9163at6231	dirofilaria_immitis_chr3	13426255.5	B
9164at6231	dirofilaria_immitis_chr1	3577328.0	C
9166at6231	dirofilaria_immitis_chr1	7062094.0	C
9186at6231	dirofilaria_immitis_chr4	8903422.5	N
9192at6231	dirofilaria_immitis_chr4	4883979.5	N
9213at6231	dirofilaria_immitis_chr1	7901213.0	C
9221at6231	dirofilaria_immitis_chrX	19074301.0	D
9229at6231	dirofilaria_immitis_chr2	7899670.5	A
9236at6231	dirofilaria_immitis_chr1	8248397.0	C
9243at6231	dirofilaria_immitis_chr1	2260018.0	C
9244at6231	dirofilaria_immitis_chr1	12031278.5	C
9253at6231	dirofilaria_immitis_chr1	1627431.5	C
9260at6231	dirofilaria_immitis_chr2	12609863.0	A
9262at6231	dirofilaria_immitis_chr2	14697167.0	A
9264at6231	dirofilaria_immitis_chr3	11286468.5	B
9270at6231	dirofilaria_immitis_chrX	1782695.5	D
9275at6231	dirofilaria_immitis_chrX	2841485.0	D
9277at6231	dirofilaria_immitis_chrX	3910874.0	X
9287at6231	dirofilaria_immitis_chr1	15340374.5	C
9299at6231	dirofilaria_immitis_chrX	26786970.0	E
9300at6231	dirofilaria_immitis_chrX	16769881.5	E
9313at6231	dirofilaria_immitis_chrX	17190406.0	E
9321at6231	dirofilaria_immitis_chr3	13671405.5	B
9327at6231	dirofilaria_immitis_chr4	8098600.0	N
9332at6231	dirofilaria_immitis_chr1	5630732.0	C
9333at6231	dirofilaria_immitis_chr2	1619541.0	A
9343at6231	dirofilaria_immitis_chr2	14028837.0	A
9344at6231	dirofilaria_immitis_chr3	1559377.0	B
9367at6231	dirofilaria_immitis_chr2	11716665.0	A
9386at6231	dirofilaria_immitis_chr2	9063886.0	A
9387at6231	dirofilaria_immitis_chr3	11563678.0	B
9393at6231	dirofilaria_immitis_chr4	4798290.0	N
9403at6231	dirofilaria_immitis_chr1	6812597.0	C
9411at6231	dirofilaria_immitis_chr3	2551007.0	B
9440at6231	dirofilaria_immitis_chr2	7887990.0	A
9441at6231	dirofilaria_immitis_chr1	12096107.0	C
9443at6231	dirofilaria_immitis_chr1	2878233.0	C
9447at6231	dirofilaria_immitis_chr2	2229997.0	A
9448at6231	dirofilaria_immitis_chr4	8335698.5	N
9451at6231	dirofilaria_immitis_chr1	5232097.5	C
9458at6231	dirofilaria_immitis_chr1	14889874.0	C
9478at6231	dirofilaria_immitis_chrX	26626348.0	E
9489at6231	dirofilaria_immitis_chr4	9762684.5	D
9491at6231	dirofilaria_immitis_chr2	12722594.0	A
9499at6231	dirofilaria_immitis_chrX	25307867.0	E
9500at6231	dirofilaria_immitis_chrX	18848697.0	E
9504at6231	dirofilaria_immitis_chr1	7991005.5	C
9515at6231	dirofilaria_immitis_chr1	10657571.0	C
9516at6231	dirofilaria_immitis_chr3	8917006.5	B
9526at6231	dirofilaria_immitis_chr2	9711055.0	A
9547at6231	dirofilaria_immitis_chrX	17193791.0	E
9548at6231	dirofilaria_immitis_chr1	1917921.0	C
9557at6231	dirofilaria_immitis_chr4	7960738.0	N
9559at6231	dirofilaria_immitis_chr2	14213159.5	A
9563at6231	dirofilaria_immitis_chr1	6375978.0	C
9564at6231	dirofilaria_immitis_chr2	9173271.0	A
9574at6231	dirofilaria_immitis_chr1	13163554.0	C
9588at6231	dirofilaria_immitis_chr4	7749892.0	N
9611at6231	dirofilaria_immitis_chr1	8440072.0	C
9615at6231	dirofilaria_immitis_chr2	5481401.0	A
9618at6231	dirofilaria_immitis_chr1	1655818.5	C
9630at6231	dirofilaria_immitis_chr2	5014791.0	A
9632at6231	dirofilaria_immitis_chr2	12781404.0	B
9639at6231	dirofilaria_immitis_chr2	12402425.0	A
9640at6231	dirofilaria_immitis_chr4	6584125.5	N
9662at6231	dirofilaria_immitis_chrX	16193278.0	E
9669at6231	dirofilaria_immitis_chr2	11908674.0	D
9671at6231	dirofilaria_immitis_chrX	17857703.0	E
9672at6231	dirofilaria_immitis_chrX	5045625.0	D
9676at6231	dirofilaria_immitis_chr4	12381936.5	A
9681at6231	dirofilaria_immitis_chr2	1402743.5	A
9682at6231	dirofilaria_immitis_chr1	7445932.0	C
9714at6231	dirofilaria_immitis_chr2	14392464.5	A
9719at6231	dirofilaria_immitis_chr2	1035666.0	A
9739at6231	dirofilaria_immitis_chr4	1586881.0	N
9748at6231	dirofilaria_immitis_chr1	15038369.0	C
9774at6231	dirofilaria_immitis_chrX	16802389.5	E
9792at6231	dirofilaria_immitis_chr1	9687075.0	C
9802at6231	dirofilaria_immitis_chrX	3269595.0	D
9816at6231	dirofilaria_immitis_chrX	15355559.0	E
9840at6231	dirofilaria_immitis_chrX	7137351.0	X
9847at6231	dirofilaria_immitis_chr1	12137593.0	C
9898at6231	dirofilaria_immitis_chr1	2327943.5	C
9899at6231	dirofilaria_immitis_chr3	2810227.0	B
9915at6231	dirofilaria_immitis_chr3	1806074.0	B
9922at6231	dirofilaria_immitis_chr4	6137123.5	N
9923at6231	dirofilaria_immitis_chrX	7378016.0	D
9936at6231	dirofilaria_immitis_chrX	471055.5	D
9937at6231	dirofilaria_immitis_chrX	7046856.0	D
9940at6231	dirofilaria_immitis_chr4	7029458.0	N
9946at6231	dirofilaria_immitis_chr3	7528622.0	B
9951at6231	dirofilaria_immitis_chr2	12018820.0	A
9954at6231	dirofilaria_immitis_chrX	5064816.0	D
9959at6231	dirofilaria_immitis_chrX	28109181.0	E
9968at6231	dirofilaria_immitis_chr1	9533172.0	C
9987at6231	dirofilaria_immitis_chr3	8404115.0	B
10010at6231	dirofilaria_immitis_chr3	8455600.0	B
10018at6231	dirofilaria_immitis_chr2	12126590.0	A
10032at6231	dirofilaria_immitis_chr4	9821354.0	N
10063at6231	dirofilaria_immitis_chr1	13919201.0	C
10081at6231	dirofilaria_immitis_chr2	3981581.0	A
10099at6231	dirofilaria_immitis_chr3	9643462.5	B
10100at6231	dirofilaria_immitis_chr4	3570449.5	N
10117at6231	dirofilaria_immitis_chr3	8811140.5	B
10127at6231	dirofilaria_immitis_chr2	3937390.0	A
10128at6231	dirofilaria_immitis_chrX	8468334.5	D
10134at6231	dirofilaria_immitis_chr4	168004.5	N
10139at6231	dirofilaria_immitis_chr1	2330191.5	C
10152at6231	dirofilaria_immitis_chr2	7066710.0	A
10161at6231	dirofilaria_immitis_chr1	8017930.0	C
10165at6231	dirofilaria_immitis_chrX	25364478.0	E
10177at6231	dirofilaria_immitis_chr4	6200928.5	N
10190at6231	dirofilaria_immitis_chr3	14398496.5	B
10197at6231	dirofilaria_immitis_chr2	5807847.0	A
10233at6231	dirofilaria_immitis_chr3	12940127.5	B
10271at6231	dirofilaria_immitis_chr2	13324667.0	A
10278at6231	dirofilaria_immitis_chr1	8395901.5	C
10321at6231	dirofilaria_immitis_chr1	14888765.0	C
10340at6231	dirofilaria_immitis_chr4	8667888.5	N
10341at6231	dirofilaria_immitis_chr2	319025.5	A
10344at6231	dirofilaria_immitis_chr1	6728359.0	C
10354at6231	dirofilaria_immitis_chr2	11969774.0	A
10356at6231	dirofilaria_immitis_chrX	8473650.0	D
10373at6231	dirofilaria_immitis_chrX	5345082.0	D
10388at6231	dirofilaria_immitis_chr1	8014199.5	C
10389at6231	dirofilaria_immitis_chrX	21979141.0	E
10416at6231	dirofilaria_immitis_chr4	7328868.5	N
10441at6231	dirofilaria_immitis_chr2	12786401.5	A
10449at6231	dirofilaria_immitis_chr3	6461059.0	B
10461at6231	dirofilaria_immitis_chr3	12269392.0	B
10463at6231	dirofilaria_immitis_chr2	7586523.5	A
10464at6231	dirofilaria_immitis_chr1	14547628.0	C
10466at6231	dirofilaria_immitis_chr1	12004727.0	C
10473at6231	dirofilaria_immitis_chr4	12480395.0	N
10498at6231	dirofilaria_immitis_chr2	15143537.0	A
10513at6231	dirofilaria_immitis_chr2	12722575.0	A
10521at6231	dirofilaria_immitis_chrX	12674844.0	X
10522at6231	dirofilaria_immitis_chr1	8754090.0	C
10532at6231	dirofilaria_immitis_chr2	7975087.0	A
10534at6231	dirofilaria_immitis_chr2	4391554.5	A
10550at6231	dirofilaria_immitis_chr1	12397652.0	C
10584at6231	dirofilaria_immitis_chr1	344157.0	C
10625at6231	dirofilaria_immitis_chrX	3997461.0	D
10627at6231	dirofilaria_immitis_chrX	5267727.5	D
10631at6231	dirofilaria_immitis_chr2	1716846.0	A
10640at6231	dirofilaria_immitis_chr2	14710688.5	A
10661at6231	dirofilaria_immitis_chr2	10135600.0	A
10678at6231	dirofilaria_immitis_chr3	8912213.5	B
10679at6231	dirofilaria_immitis_chr2	4376430.5	A
10698at6231	dirofilaria_immitis_chr1	6123937.0	C
10702at6231	dirofilaria_immitis_chr2	9861404.5	A
10705at6231	dirofilaria_immitis_chr1	1036161.5	C
10708at6231	dirofilaria_immitis_chrX	21083565.5	E
10709at6231	dirofilaria_immitis_chrX	14694875.0	E
10710at6231	dirofilaria_immitis_chr4	8158924.0	D
10717at6231	dirofilaria_immitis_chr3	10438743.5	B
10732at6231	dirofilaria_immitis_chrX	13595667.5	E
10750at6231	dirofilaria_immitis_chr3	5648125.0	B
10755at6231	dirofilaria_immitis_chr1	958047.5	C
10769at6231	dirofilaria_immitis_chr4	3780184.5	D
10777at6231	dirofilaria_immitis_chrX	15315898.0	E
10791at6231	dirofilaria_immitis_chr4	13078407.0	A
10803at6231	dirofilaria_immitis_chr1	12260447.5	C
10827at6231	dirofilaria_immitis_chr2	605714.0	A
10848at6231	dirofilaria_immitis_chr2	10912354.0	A
10864at6231	dirofilaria_immitis_chr4	7921147.0	N
10897at6231	dirofilaria_immitis_chr3	5040762.5	B
10928at6231	dirofilaria_immitis_chr2	7273244.0	A
10935at6231	dirofilaria_immitis_chr1	1744005.0	C
10953at6231	dirofilaria_immitis_chr2	12185432.5	A
10961at6231	dirofilaria_immitis_chr3	4047191.5	B
10987at6231	dirofilaria_immitis_chr3	14629143.5	B
11021at6231	dirofilaria_immitis_chrX	15435804.0	E
11034at6231	dirofilaria_immitis_chrX	14806936.0	E
11036at6231	dirofilaria_immitis_chr1	8638707.0	C
11046at6231	dirofilaria_immitis_chr2	2520235.0	A
11066at6231	dirofilaria_immitis_chr2	5112566.0	A
11082at6231	dirofilaria_immitis_chr1	10857501.5	C
11111at6231	dirofilaria_immitis_chr1	5589222.5	C
11124at6231	dirofilaria_immitis_chrX	952750.0	D
11126at6231	dirofilaria_immitis_chr1	13461219.5	C
11158at6231	dirofilaria_immitis_chr1	2304742.0	C
11173at6231	dirofilaria_immitis_chr2	6158562.0	A
11178at6231	dirofilaria_immitis_chr2	12974863.0	A
11179at6231	dirofilaria_immitis_chr1	5286573.5	C
11191at6231	dirofilaria_immitis_chr1	12766202.5	C
11192at6231	dirofilaria_immitis_chr1	1354875.5	C
11201at6231	dirofilaria_immitis_chr3	13515824.0	B
11227at6231	dirofilaria_immitis_chr2	4292342.0	A
11267at6231	dirofilaria_immitis_chrX	16313382.5	E
11289at6231	dirofilaria_immitis_chrX	8669660.5	X
11295at6231	dirofilaria_immitis_chr2	1050690.0	A
11301at6231	dirofilaria_immitis_chr4	5626553.5	N
11307at6231	dirofilaria_immitis_chrX	19957134.5	E
11327at6231	dirofilaria_immitis_chr1	11997584.5	C
11344at6231	dirofilaria_immitis_chr3	14639689.5	B
11363at6231	dirofilaria_immitis_chr2	7281737.0	A
11367at6231	dirofilaria_immitis_chr4	5428596.5	N
11382at6231	dirofilaria_immitis_chr4	6606105.0	N
11385at6231	dirofilaria_immitis_chr2	3277955.5	A
11397at6231	dirofilaria_immitis_chr2	14541008.5	A
11440at6231	dirofilaria_immitis_chr1	13471099.0	C
11490at6231	dirofilaria_immitis_chr2	13692499.5	A
